Channel Title,Channel Username,ID,Message,Date,Media Path
NEVA COMPUTER®,@nevacomputer,8719,[No Text],2025-01-04 13:51:49+00:00,
NEVA COMPUTER®,@nevacomputer,8718,[No Text],2024-12-07 06:55:36+00:00,photos\@nevacomputer_8718.jpg
NEVA COMPUTER®,@nevacomputer,8717,[No Text],2024-12-07 06:55:36+00:00,photos\@nevacomputer_8717.jpg
NEVA COMPUTER®,@nevacomputer,8716,[No Text],2024-12-07 06:55:36+00:00,photos\@nevacomputer_8716.jpg
NEVA COMPUTER®,@nevacomputer,8715,"Very portable and can do multi-task

#HP ELITEBOOK 1040 G6
🅑︎🅡︎🅐︎🅝︎🅓︎ : HP ELITEBOOK 
✨🅓︎🅘︎🅢︎🅟︎🅛︎🅐︎🅨︎: 14” convertable touch screen full HD
✨🅒︎🅟︎🅤︎: CORE I7 8th generation 
✨🅡︎🅐︎🅜︎:16 GB 𝗗𝗗𝗥4
✨🅢︎🅣︎🅞︎🅡︎🅐︎🅖︎: 512 GB SSD 
✨🅖︎raphics: intel uhd graphics 
✨🅞︎🅢︎:window 11 pro 
✨🅑︎🅐︎🅣︎🅣︎🅔︎🅡︎🅨︎: 5HR
✨🅢︎🅣︎🅐︎🅣︎🅤︎🅢︎:  open box 
Price  👇
📩@rasneva ለአጭር መልእክት
 ይደዉሉ ☎️
🏢 አድራሻ: - መገናኛ ማራቶን የ ገበያ ማእከል በ ዋናው መግቢያ መሬት ላይ
ወይንም ግራውንድ ፍሎር ብቅ ይበሉ
 👉ነቫ ኮምፒውተር👈 መሆኑን ያረጋግጡ

ድህረ ገጻችንን ይጎብኙ
www.nevacomputer.com

ቴሌግራም ቻናላችንን ይቀላቀሉ

https://t.me/nevacomputer",2024-12-07 06:55:36+00:00,photos\@nevacomputer_8715.jpg
NEVA COMPUTER®,@nevacomputer,8714,[No Text],2024-12-07 06:55:13+00:00,photos\@nevacomputer_8714.jpg
NEVA COMPUTER®,@nevacomputer,8713,"Very portable and can do multi-task

#HP
🅑︎🅡︎🅐︎🅝︎🅓︎ : HP ELITEBOOK 
✨🅓︎🅘︎🅢︎🅟︎🅛︎🅐︎🅨︎:14”
✨🅒︎🅟︎🅤︎: CORE I7 8th generation 
✨🅡︎🅐︎🅜︎:16 GB 𝗗𝗗𝗥4
✨🅢︎🅣︎🅞︎🅡︎🅐︎🅖︎: 512 GB SSD 
✨🅖︎raphics: intel uhd graphics 
✨🅞︎🅢︎:window 11 pro 
✨🅑︎🅐︎🅣︎🅣︎🅔︎🅡︎🅨︎: 5HR
✨🅢︎🅣︎🅐︎🅣︎🅤︎🅢︎:  open box 
Price  👇
📩@rasneva ለአጭር መልእክት
 ይደዉሉ ☎️

🏢 አድራሻ: - መገናኛ ማራቶን የ ገበያ ማእከል በ ዋናው መግቢያ መሬት ላይ
ወይንም ግራውንድ ፍሎር ብቅ ይበሉ
 👉ነቫ ኮምፒውተር👈 መሆኑን ያረጋግጡ

ድህረ ገጻችንን ይጎብኙ
www.nevacomputer.com

ቴሌግራም ቻናላችንን ይቀላቀሉ

https://t.me/nevacomputer",2024-12-07 06:55:13+00:00,photos\@nevacomputer_8713.jpg
NEVA COMPUTER®,@nevacomputer,8712,"#hp Elitebook 
#EUROPE STANDARD 
🅑︎🅡︎🅐︎🅝︎🅓︎ : hp Elitebook TOUCH SCREEN 
✨🅓︎🅘︎🅢︎🅟︎🅛︎🅐︎🅨︎: 14” ultra slim TOUCH SCREEN 
✨🅒︎🅟︎🅤︎: core i7 10th generation 
✨🅡︎🅐︎🅜︎:16GB 𝗗𝗗𝗥4
✨🅢︎🅣︎🅞︎🅡︎🅐︎🅖︎: 512GB SSD
✨🅖︎🅡︎🅐︎🅟︎🅗︎🅘︎🅒︎🅢︎: Intel Iris graphics card
✨🅞︎🅢︎:window 10 pro
✨🅑︎🅐︎🅣︎🅣︎🅔︎🅡︎🅨︎:7hr 
✨🅢︎🅣︎🅐︎🅣︎🅤︎🅢︎:  brand new 
Price 👇
📩@rasneva ለአጭር መልእክት

🏢 አድራሻ: - መገናኛ ማራቶን የ ገበያ ማእከል በ ዋናው መግቢያ መሬት ላይ
ወይንም ግራውንድ ፍሎር ብቅ ይበሉ
 👉ነቫ ኮምፒውተር👈 መሆኑን ያረጋግጡ",2024-12-07 06:52:27+00:00,photos\@nevacomputer_8712.jpg
NEVA COMPUTER®,@nevacomputer,8711,[No Text],2024-12-07 06:52:27+00:00,photos\@nevacomputer_8711.jpg
NEVA COMPUTER®,@nevacomputer,8710,[No Text],2024-12-07 06:52:27+00:00,photos\@nevacomputer_8710.jpg
NEVA COMPUTER®,@nevacomputer,8709,"🔤🔤🔤🅰️
🔤🔤🔤🔤🔤🔤🔤🔤

#9th generation workstation laptop ✔️
#USA STANDARD 
🅑︎🅡︎🅐︎🅝︎🅓︎ : LENOVO thinkpad p50
✨🅓︎🅘︎🅢︎🅟︎🅛︎🅐︎🅨︎: 15.6” 4k screen 
✨🅒︎🅟︎🅤︎: CORE I7 9th gen❤️  12 cpu
✨🅡︎🅐︎🅜︎:16GB 𝗗𝗗𝗥4 
✨🅢︎🅣︎🅞︎🅡︎🅐︎🅖︎: 512 GB SSD
✨🅖︎🅡︎🅐︎🅟︎🅗︎🅘︎🅒︎🅢︎: 4GB NIVIDIA QUADRO T2000
✨🅞︎🅢︎:𝘄𝗶𝗻𝗱𝗼𝘄𝘀 11 pro 22H2 
✨🅑︎🅐︎🅣︎🅣︎🅔︎🅡︎🅨︎: 6HR
✨🅢︎🅣︎🅐︎🅣︎🅤︎🅢︎: openbox
Price  
📩@rasneva ለአጭር መልእክት
🏢 አድራሻ: - መገናኛ ማራቶን የ ገበያ ማእከል በ ዋናው መግቢያ መሬት ላይ
ወይንም ግራውንድ ፍሎር ብቅ ይበሉ
 👉ነቫ ኮምፒውተር👈 መሆኑን ያረጋግጡ

ድህረ ገጻችንን ይጎብኙ
www.nevacomputer.com

ቴሌግራም ቻናላችንን ይቀላቀሉ

https://t.me/nevacomputer

     🔠🔠🔠🅰️ 🔠🔠🔠🔠🔠🔠🔠🔠",2024-12-07 06:33:16+00:00,photos\@nevacomputer_8709.jpg
NEVA COMPUTER®,@nevacomputer,8708,[No Text],2024-12-07 06:33:16+00:00,photos\@nevacomputer_8708.jpg
NEVA COMPUTER®,@nevacomputer,8707,[No Text],2024-12-07 06:33:16+00:00,photos\@nevacomputer_8707.jpg
NEVA COMPUTER®,@nevacomputer,8706,[No Text],2024-12-07 06:31:12+00:00,photos\@nevacomputer_8706.jpg
NEVA COMPUTER®,@nevacomputer,8705,[No Text],2024-12-07 06:31:12+00:00,photos\@nevacomputer_8705.jpg
NEVA COMPUTER®,@nevacomputer,8704,"#HP PAVILION
🅑︎🅡︎🅐︎🅝︎🅓︎ : HP PAVILION X360 
✨🅓︎🅘︎🅢︎🅟︎🅛︎🅐︎🅨︎: 14” FHD TOUCH SCREEN CONVERTIBLE 
✨🅒︎🅟︎🅤︎: CORE I5 11th GEN 💪🏽
✨🅡︎🅐︎🅜︎:16Gb 𝗗𝗗𝗥4
✨🅢︎🅣︎🅞︎🅡︎🅐︎🅖︎: 512GB SSD 
✨🅖︎🅡︎🅐︎🅟︎🅗︎🅘︎🅒︎🅢︎: INTEL IRIS XE GRAPHICS 
✨🅞︎🅢︎:window 10 pro
✨🅑︎🅐︎🅣︎🅣︎🅔︎🅡︎🅨︎: 6HR
✨🅢︎🅣︎🅐︎🅣︎🅤︎🅢︎:  brand new 
📩@rasneva ለአጭር መልእክት

🏢 አድራሻ: - መገናኛ ማራቶን የ ገበያ ማእከል በ ዋናው መግቢያ መሬት ላይ
ወይንም ግራውንድ ፍሎር ብቅ ይበሉ
 👉ነቫ ኮምፒውተር👈 መሆኑን ያረጋግጡ",2024-12-07 06:31:12+00:00,photos\@nevacomputer_8704.jpg
NEVA COMPUTER®,@nevacomputer,8703,[No Text],2024-12-07 06:31:11+00:00,photos\@nevacomputer_8703.jpg
NEVA COMPUTER®,@nevacomputer,8702,"🔥2022 BRAND NEW🔥🔥🔥
🅑︎🅡︎🅐︎🅝︎🅓︎ : LENOVO LOQ
✨🅓︎🅘︎🅢︎🅟︎🅛︎🅐︎🅨︎: 2K RESOLUTION 
✨🅒︎🅟︎🅤︎:RYZEN 7 7000 serious 
✨🅡︎🅐︎🅜︎:16GB 𝗗𝗗𝗥4 
✨🅢︎🅣︎🅞︎🅡︎🅐︎🅖︎: 512 SSD
✨🅖︎🅡︎🅐︎🅟︎🅗︎🅘︎🅒︎🅢︎: RTX 4050 4GB DEDICATED 
✨🅞︎🅢︎:𝘄𝗶𝗻𝗱𝗼𝘄𝘀 11 pro 22H2 
✨🅑︎🅐︎🅣︎🅣︎🅔︎🅡︎🅨︎: 6HR
✨🅢︎🅣︎🅐︎🅣︎🅤︎🅢︎: BRAND NEW 
CONTACT @rasneva
🏢 አድራሻ: - መገናኛ ማራቶን የ ገበያ ማእከል በ ዋናው መግቢያ መሬት ላይ
ወይንም ግራውንድ ፍሎር ብቅ ይበሉ
 👉ነቫ ኮምፒውተር👈 መሆኑን ያረጋግጡ",2024-12-07 06:28:23+00:00,photos\@nevacomputer_8702.jpg
NEVA COMPUTER®,@nevacomputer,8701,[No Text],2024-12-07 06:28:23+00:00,photos\@nevacomputer_8701.jpg
NEVA COMPUTER®,@nevacomputer,8700,[No Text],2024-12-07 06:28:23+00:00,photos\@nevacomputer_8700.jpg
NEVA COMPUTER®,@nevacomputer,8699,[No Text],2024-12-07 06:28:23+00:00,photos\@nevacomputer_8699.jpg
NEVA COMPUTER®,@nevacomputer,8698,[No Text],2024-12-07 06:28:23+00:00,photos\@nevacomputer_8698.jpg
NEVA COMPUTER®,@nevacomputer,8697,It’s arrived the new and latest RAZER BLADE 18 stay tuned,2024-10-19 13:31:43+00:00,photos\@nevacomputer_8697.jpg
NEVA COMPUTER®,@nevacomputer,8696,[No Text],2024-10-08 19:07:52+00:00,photos\@nevacomputer_8696.jpg
NEVA COMPUTER®,@nevacomputer,8695,"DONT MISS IT ⚠️⚠️⚠️

🅑︎🅡︎🅐︎🅝︎🅓︎ : ASUS ROGSTRIX 
✨🅓︎🅘︎🅢︎🅟︎🅛︎🅐︎🅨︎: 17” FULL HD 144HZ 
✨🅒︎🅟︎🅤︎: CORE I7 9th generation 
✨🅡︎🅐︎🅜︎:32GB DDR4😱
✨🅢︎🅣︎🅞︎🅡︎🅐︎🅖︎: 2TB HDD AND 1TB SSD 
✨🅖︎🅡︎🅐︎🅟︎🅗︎🅘︎🅒︎🅢︎: NIVIDIA RTX 2060 6GB 
✨🅞︎🅢︎:window 10 pro
✨🅑︎🅐︎🅣︎🅣︎🅔︎🅡︎🅨︎: 5HR 
✨🅢︎🅣︎🅐︎🅣︎🅤︎🅢︎:  open box
Price  115000 birr
📩@rasneva ለአጭር መልእክት
 ይደዉሉ ☎️
+251912759900
+251920153333

🏢 አድራሻ: - መገናኛ ማራቶን የ ገበያ ማእከል በ ዋናው መግቢያ መሬት ላይ
ወይንም ግራውንድ ፍሎር ብቅ ይበሉ
 👉ነቫ ኮምፒውተር👈 መሆኑን ያረጋግጡ

ድህረ ገጻችንን ይጎብኙ
www.nevacomputer.com

ቴሌግራም ቻናላችንን ይቀላቀሉ

https://t.me/nevacomputer",2024-10-08 19:07:52+00:00,photos\@nevacomputer_8695.jpg
NEVA COMPUTER®,@nevacomputer,8694,[No Text],2024-10-08 19:07:52+00:00,photos\@nevacomputer_8694.jpg
NEVA COMPUTER®,@nevacomputer,8693,[No Text],2024-10-08 19:07:52+00:00,photos\@nevacomputer_8693.jpg
NEVA COMPUTER®,@nevacomputer,8692,[No Text],2024-10-08 19:07:52+00:00,photos\@nevacomputer_8692.jpg
NEVA COMPUTER®,@nevacomputer,8691,[No Text],2024-09-25 07:15:55+00:00,photos\@nevacomputer_8691.jpg
NEVA COMPUTER®,@nevacomputer,8690,"🅑︎🅡︎🅐︎🅝︎🅓︎ : DELL G15 
✨🅓︎🅘︎🅢︎🅟︎🅛︎🅐︎🅨︎: 15.6” FULL HD 165HZ 
✨🅒︎🅟︎🅤︎: CORE I7 11th generation 
✨🅡︎🅐︎🅜︎:16Gb 𝗗𝗗𝗥4
✨🅢︎🅣︎🅞︎🅡︎🅐︎🅖︎: 512 GB SSD 
✨🅖︎🅡︎🅐︎🅟︎🅗︎🅘︎🅒︎🅢︎: NIVIDIA RTX 3060 6GB 
✨🅞︎🅢︎:window 10 pro
✨🅑︎🅐︎🅣︎🅣︎🅔︎🅡︎🅨︎: 5HR 
✨🅢︎🅣︎🅐︎🅣︎🅤︎🅢︎:  open box
Price  129500 birr
📩@rasneva ለአጭር መልእክት
 ይደዉሉ ☎️
+251912759900
+251920153333

🏢 አድራሻ: - መገናኛ ማራቶን የ ገበያ ማእከል በ ዋናው መግቢያ መሬት ላይ
ወይንም ግራውንድ ፍሎር ብቅ ይበሉ
 👉ነቫ ኮምፒውተር👈 መሆኑን ያረጋግጡ

ድህረ ገጻችንን ይጎብኙ
www.nevacomputer.com

ቴሌግራም ቻናላችንን ይቀላቀሉ

https://t.me/nevacomputer",2024-09-25 07:15:55+00:00,photos\@nevacomputer_8690.jpg
NEVA COMPUTER®,@nevacomputer,8689,[No Text],2024-09-25 07:00:47+00:00,photos\@nevacomputer_8689.jpg
NEVA COMPUTER®,@nevacomputer,8688,"🅑︎🅡︎🅐︎🅝︎🅓︎ : ASUS ZEYPHRUS M16 
✨🅓︎🅘︎🅢︎🅟︎🅛︎🅐︎🅨︎: 15.6” 2K 165HZ 
✨🅒︎🅟︎🅤︎: CORE I7 11th generation 
✨🅡︎🅐︎🅜︎:16Gb 𝗗𝗗𝗥4
✨🅢︎🅣︎🅞︎🅡︎🅐︎🅖︎: 512 GB SSD 
✨🅖︎🅡︎🅐︎🅟︎🅗︎🅘︎🅒︎🅢︎: NIVIDIA RTX 3060 6GB 
✨🅞︎🅢︎:window 10 pro
✨🅑︎🅐︎🅣︎🅣︎🅔︎🅡︎🅨︎: 5HR 
✨🅢︎🅣︎🅐︎🅣︎🅤︎🅢︎:  open box
Price  129500 birr
📩@rasneva ለአጭር መልእክት
 ይደዉሉ ☎️
+251912759900
+251920153333

🏢 አድራሻ: - መገናኛ ማራቶን የ ገበያ ማእከል በ ዋናው መግቢያ መሬት ላይ
ወይንም ግራውንድ ፍሎር ብቅ ይበሉ
 👉ነቫ ኮምፒውተር👈 መሆኑን ያረጋግጡ

ድህረ ገጻችንን ይጎብኙ
www.nevacomputer.com

ቴሌግራም ቻናላችንን ይቀላቀሉ

https://t.me/nevacomputer",2024-09-25 07:00:47+00:00,photos\@nevacomputer_8688.jpg
NEVA COMPUTER®,@nevacomputer,8687,[No Text],2024-09-25 06:31:10+00:00,photos\@nevacomputer_8687.jpg
NEVA COMPUTER®,@nevacomputer,8686,[No Text],2024-09-25 06:31:10+00:00,photos\@nevacomputer_8686.jpg
NEVA COMPUTER®,@nevacomputer,8685,[No Text],2024-09-25 06:31:10+00:00,photos\@nevacomputer_8685.jpg
NEVA COMPUTER®,@nevacomputer,8684,[No Text],2024-09-25 06:31:10+00:00,photos\@nevacomputer_8684.jpg
NEVA COMPUTER®,@nevacomputer,8683,[No Text],2024-09-25 06:31:10+00:00,photos\@nevacomputer_8683.jpg
NEVA COMPUTER®,@nevacomputer,8682,"FROM NEVA COMPUTER ⭐️

HIGH PERFORMANCE GAMING LAPTOP
🔽🔽🔽
Features 
 ✨Processor: 13th Gen Intel Core i5-13450HX Processor 2.4 GHz (20M Cache, up to 4.6 GHz, 10 cores: 6 P-cores and 4 E-cores);Memory: 16GB (8GB SO-DIMM *2) DDR5 4800 MHz Support Up to 32GB 2x SO-DIMM slots | Storage: 1TB PCIe 4.0 NVMe M.2 SSD
 ✨Play over 100 high-quality PC games, plus new and upcoming blockbusters on day one like Halo Infinite, Forza Horizon 5, and Age of Empires and one month of Game Pass-including EA Play.;With new games added all the time, there s always something new to play. Age of Empires IV, Back 4 Blood, Battlefield V, Forza Horizon 5, Halo Infinite*, Knockout City, Microsoft Flight Simulator, Minecraft PC Bundle, Need for Speed Heat, Psychonauts2, The Sims 4, Titanfall 2, 12 Minutes
 ✨Graphics: NVIDIA GeForce RTX 4050 Laptop GPU with MUX Switch + NVIDIA Advanced Optimus 6GB GDDR6 VRAM ROG Boost: 2420MHz* at 140W (2370MHz Boost Clock+50MHz OC, 115W+25W Dynamic Boost);Display: 16-inch FHD+ 16:10 (1920 x 1200, WUXGA), 165Hz IPS-level Anti-glare display, 7ms, 250nits 1000:1; Keyboard: Backlit Chiclet Keyboard 4-Zone RGB;Design: 2.26 ~ 3.04 cm | 2.50 Kg weight | 90WHrs, 4S1P, 4-cell Li-ion

📩@rasneva ለአጭር መልእክት
 ይደዉሉ ☎️
+251912759900
+251920153333

🏢 አድራሻ : - መገናኛ ማራቶን የ ገበያ ማእከል በ ዋናው መግቢያ መሬት ላይ
ወይንም ግራውንድ ፍሎር ብቅ ይበሉ
 👉ነቫ ኮምፒውተር👈 መሆኑን ያረጋግጡ

ድህረ ገጻችንን ይጎብኙ
www.nevacomputer.com

ቴሌግራም ቻናላችንን ይቀላቀሉ

https://t.me/nevacomputer

     ""🅝︎🅔︎🅥︎🅐︎   🅒︎🅞︎🅜︎🅟︎🅤︎🅣︎🅔︎🅡︎",2024-09-25 06:31:10+00:00,photos\@nevacomputer_8682.jpg
NEVA COMPUTER®,@nevacomputer,8680,"FROM NEVA COMPUTER
#GAMINGLAPTOP
FROM #USA👇🏾
PACKED

#MSI  katana 15  (GeForce RTX™ 4060, GDDR6 8GB)

• Windows 11 Home (MSI recommends Windows 11 Pro for business.)
 • NVIDIA® GeForce RTX™ 4060 Laptop GPU 8GB GDDR6
 • 15.6″ FHD (1920*1080), 144Hz 45%NTSC IPS-Level
 • Intel® Core™ i7-13650H
 • 512GB NVMe PCIe SSD Gen4x4
 • DDR5 8GB*2 (4800MHz)
 • Blue Backlit Gaming Keyboard
 • 3 cell, 53.5Whr


📩@rasneva ለአጭር መልእክት
 ይደዉሉ ☎️
+251912759900
+251920153333

🏢 አድራሻ : - መገናኛ ማራቶን የ ገበያ ማእከል በ ዋናው መግቢያ መሬት ላይ
ወይንም ግራውንድ ፍሎር ብቅ ይበሉ
 👉ነቫ ኮምፒውተር👈 መሆኑን ያረጋግጡ

ድህረ ገጻችንን ይጎብኙ
www.nevacomputer.com

ቴሌግራም ቻናላችንን ይቀላቀሉ

https://t.me/nevacomputer

     ""🅝︎🅔︎🅥︎🅐︎   🅒︎🅞︎🅜︎🅟︎🅤︎🅣︎🅔︎🅡︎",2024-09-10 04:17:42+00:00,photos\@nevacomputer_8680.jpg
NEVA COMPUTER®,@nevacomputer,8679,[No Text],2024-09-10 04:17:42+00:00,photos\@nevacomputer_8679.jpg
NEVA COMPUTER®,@nevacomputer,8678,[No Text],2024-09-10 04:17:42+00:00,photos\@nevacomputer_8678.jpg
NEVA COMPUTER®,@nevacomputer,8677,[No Text],2024-09-10 04:17:42+00:00,photos\@nevacomputer_8677.jpg
NEVA COMPUTER®,@nevacomputer,8676,[No Text],2024-09-10 04:17:42+00:00,photos\@nevacomputer_8676.jpg
NEVA COMPUTER®,@nevacomputer,8675,[No Text],2024-09-10 04:17:41+00:00,photos\@nevacomputer_8675.jpg
NEVA COMPUTER®,@nevacomputer,8674,[No Text],2024-09-10 04:14:02+00:00,photos\@nevacomputer_8674.jpg
NEVA COMPUTER®,@nevacomputer,8673,[No Text],2024-09-10 04:14:02+00:00,photos\@nevacomputer_8673.jpg
NEVA COMPUTER®,@nevacomputer,8672,[No Text],2024-09-10 04:14:02+00:00,photos\@nevacomputer_8672.jpg
NEVA COMPUTER®,@nevacomputer,8671,"🅑︎🅡︎🅐︎🅝︎🅓︎ : HP ZBOOK
✨🅓︎🅘︎🅢︎🅟︎🅛︎🅐︎🅨︎: 15.6” FULL HD
✨🅒︎🅟︎🅤︎: CORE I7 10th gen 
✨🅡︎🅐︎🅜︎:16Gb 𝗗𝗗𝗥4
✨🅢︎🅣︎🅞︎🅡︎🅐︎🅖︎: 512 GB SSD 
✨🅖︎🅡︎🅐︎🅟︎🅗︎🅘︎🅒︎🅢︎:4GB NIVIDIA QUADRO 
✨🅞︎🅢︎:window 10 pro
✨🅑︎🅐︎🅣︎🅣︎🅔︎🅡︎🅨︎: 5HR 
✨🅢︎🅣︎🅐︎🅣︎🅤︎🅢︎:  brand new 
Price 68500 birr
📩@rasneva ለአጭር መልእክት
 ይደዉሉ ☎️
+251912759900
+251920153333

🏢 አድራሻ: - መገናኛ ማራቶን የ ገበያ ማእከል በ ዋናው መግቢያ መሬት ላይ
ወይንም ግራውንድ ፍሎር ብቅ ይበሉ
 👉ነቫ ኮምፒውተር👈 መሆኑን ያረጋግጡ

ድህረ ገጻችንን ይጎብኙ
www.nevacomputer.com

ቴሌግራም ቻናላችንን ይቀላቀሉ

https://t.me/nevacomputer",2024-09-10 04:14:02+00:00,photos\@nevacomputer_8671.jpg
NEVA COMPUTER®,@nevacomputer,8670,[No Text],2024-09-10 04:11:06+00:00,photos\@nevacomputer_8670.jpg
NEVA COMPUTER®,@nevacomputer,8669,[No Text],2024-09-10 04:11:06+00:00,photos\@nevacomputer_8669.jpg
NEVA COMPUTER®,@nevacomputer,8668,[No Text],2024-09-10 04:11:06+00:00,photos\@nevacomputer_8668.jpg
NEVA COMPUTER®,@nevacomputer,8667,"🅑︎🅡︎🅐︎🅝︎🅓︎ : LENOVO LEGION 
✨🅓︎🅘︎🅢︎🅟︎🅛︎🅐︎🅨︎: 15.6” 2K 165HZ 
✨🅒︎🅟︎🅤︎: RUZEN 7 5000 SERIOUS (8 CORE AND 16CPU)
✨🅡︎🅐︎🅜︎:16Gb 𝗗𝗗𝗥4
✨🅢︎🅣︎🅞︎🅡︎🅐︎🅖︎: 512 GB SSD 
✨🅖︎🅡︎🅐︎🅟︎🅗︎🅘︎🅒︎🅢︎: NIVIDIA RTX 3060 6GB 
✨🅞︎🅢︎:window 10 pro
✨🅑︎🅐︎🅣︎🅣︎🅔︎🅡︎🅨︎: 5HR 
✨🅢︎🅣︎🅐︎🅣︎🅤︎🅢︎:  packed brand new 
Price sold out❌❌
📩@rasneva ለአጭር መልእክት
 ይደዉሉ ☎️
+251912759900
+251920153333

🏢 አድራሻ: - መገናኛ ማራቶን የ ገበያ ማእከል በ ዋናው መግቢያ መሬት ላይ
ወይንም ግራውንድ ፍሎር ብቅ ይበሉ
 👉ነቫ ኮምፒውተር👈 መሆኑን ያረጋግጡ

ድህረ ገጻችንን ይጎብኙ
www.nevacomputer.com

ቴሌግራም ቻናላችንን ይቀላቀሉ

https://t.me/nevacomputer",2024-09-10 04:11:06+00:00,photos\@nevacomputer_8667.jpg
NEVA COMPUTER®,@nevacomputer,8666,"""Explore the best and most diverse range of laptops available in Addis Ababa, Ethiopia. Whether you're looking for high-performance laptops for gaming, sleek and lightweight ultrabooks for on-the-go professionals, or affordable models for students, we've got it all. Our collection features the latest brands, including Dell, HP, Lenovo, Acer, and Apple, ensuring that you find the perfect laptop to meet your needs. Visit us today in Addis Ababa for unbeatable prices, exceptional quality, and expert customer service.""

HAPPY NEW YEAR 🌻🌻🌻🌻🌻",2024-09-08 17:17:26+00:00,photos\@nevacomputer_8666.jpg
NEVA COMPUTER®,@nevacomputer,8665,"""The Saturday Sale Will Make Your Weekend Even Better""


1. HP OMEN 16
CORE I9 13TH GEN
1TB SSD AND 16GB RAM 
INCH 16”
GRAPHICS NIVIDIA RTX 4060 8GB 
PRICE 162000 BIRR። sold out ❌❌❌

2. . HP OMEN 15
CORE I9 12TH GEN
512GB SSD AND 16GB RAM 
INCH 15.6”
GRAPHICS NIVIDIA RTX 3060 6GB 
PRICE:  SOLD OUT ❌❌

3. . HP VICTUS
RYZEN 7 6000 SERIOUS 
512GB SSD AND 16GB RAM 
INCH 15.6”
GRAPHICS NIVIDIA RTX 3050 6GB 
PRICE 105000BIRR  sold out ❌❌❌

4. . DELL G3
CORE I7 10th GEN
512GB SSD AND 16GB RAM 
INCH 15.6”
GRAPHICS NIVIDIA RTX 2060 GB 
PRICE 98000 BIRR sold out ❌❌❌❌

5. DELL G15
CORE I7 11th generation 
512GB SSD AND 16GB RAM 
INCH 15.6”
GRAPHICS NIVIDIA RTX 30606GB 
PRICE 120000BIRR


        Neva computer

ሁሉም ላፕቶፖች እኛ ጋር አሉ

አድራሻ : - መገናኛ ማራቶን የ ገበያ ማእከል በ ዋናው መግቢያ መሬት ላይ
ወይንም ግራውንድ ፍሎር  ATM machines ባለበት መግቢያ ብቅ ይበሉ ነቫ ኮምፒውተር( Neva computer) መሆኑን ያረጋግጡ!!

ይምጡ ይጎብኙን ይሸምቱ!

ነቫ ኮምፒውተር

ቀድመው ይደውሉ👇👇

+251912759900
+251920153333

NEVA COMPUTER

🖥 🖥   🖥 🖥 🖥 🖥 🖥 🖥 🖥
NEVA   C  O  M  P  U  T  E  R  ®

ቴሌግራም ቻናላችንን ይቀላቀሉ

https://t.me/nevacomputer

ድህረ ገጻችንን ይጎብኙ
www.nevacomputer.com",2024-08-31 04:37:01+00:00,photos\@nevacomputer_8665.jpg
NEVA COMPUTER®,@nevacomputer,8664,"Super Saturday sale 
Don’t miss it

1. Hp Elitebook G3
Core i5 6th gen
Storage 512GB ssd 
Ram 8GB DDR4 
Inch 14 PRICE 26500 birr✅

2. HP ELITEBOOK G3
CORE I7 6TH GEN 2.81GHZ
STORAGE 512GB SSD
RAM 8GB
INCH 14
Price 31000 birr✅

4.HP NOTE BOOK 
RYZEN 5 7000 serious 
STORAGE 512GB SSD 
RAM 8GB
INCH 15.6”
PRICE 58000 birr✅

5.HP ELITEBOOK G5
CORE I5 8TH GEN touch screen 
STORAGE 512GB SSD
RAM 16GB DDR4 
INCH 14 
PRICE 37500  BIRR✅

6.HP ELITEBOOK G5
CORE I7 8TH GEN
STORAGE 512GB SSD
RAM 16GB DDR4
INCH 14
PRICE 41700 BIRR✅

7.HP ELITEBOOK G5
CORE I7 8TH GEN
STORAGE 512GB SSD
RAM 16GB DDR4
INCH 15.6
PRICE 46500 BIRR✅

8.Lenovo yoga x360 touch
CORE I5 8TH GEN
STORAGE 512GB SSD
RAM  16GB DDR4
INCH 14
PRICE 39500 BIRR✅

9.asus vivobook 
Core i7 11th generation 
STORAGE 512GB SSD
RAM 16GB DDR4
INCH 15.6”
PRICE 62000 birr

10.msi 
CORE I5 10th gen 
STORAGE 512GB SSD
RAM 16GB DDR4
INCH 14 ultra slim 
PRICE 52000 birr

11.hp elite book 
CORE I7 7TH GEN
STORAGE 512GB SSD
RAM 8GB DDR4
INCH 15.6”
PRICE 37000 BIRR✅

12.LENOVO YOGA 
CORE I5 7th GEN
STORAGE 512GB SSD
RAM 8GB DDR4
INCH 13.3” CONVERTIBLE TOUCH 🖊️SCREEN 
PRICE 31500 BIRR✅

13.LENOVO YOGA X1 CARBON 
CORE I5 8TH GEN
STORAGE 512GB SSD
RAM 16GB DDR4
INCH 14 CONVERTIBLE TOUCH SCREEN WITH 🖊️ 
PRICE 44500 BIRR✅

14.LENOVO YOGA 
CORE I5 6TH GEN
STORAGE 256 GB SSD
RAM 8GB DDR4
INCH 14 CONVERTIBLE TOUCH SCREEN WITH 🖊️
PRICE 28500 BIRR✅

15.CORE I7 8TH GEN
STORAGE 512GB SSD
RAM 16GB DDR4
INCH 14
PRICE 41700 BIRR✅

16.HP NOTEBOOK 
RYZEN 3 3000 SERIOUS
STORAGE 512GB SSD
RAM 8GB DDR4
INCH 15.6” 
PRICE 34500BIRR✅

17.HP PAVILION X360 touch 
Core i5 11th generation 
STORAGE 512GB SSD
RAM 16GB DDR4
INCH 14 
PRICE 64500 BIRR✅

18.HP PAVILION AERO 
RYZEN 5 5000 (11TH GEN)
STORAGE 512GB SSD
RAM 8GB DDR4
INCH 14
PRICE 57500 BIRR✅

19.DELL latitude 
CORE I5 12th gen 
STORAGE 512GB SSD
RAM 16GB DDR4 
INCH 14
PRICE 55000 birr

20. Dell latitude 
CORE I5 13th gen 
STORAGE 512
RAM 16GB DDR4
INCH 14
PRICE 69500 

🔤🔤🔤🅰️
🔤🔤🔤🔤🔤🔤🔤🔤",2024-08-31 04:22:32+00:00,
NEVA COMPUTER®,@nevacomputer,8663,[No Text],2024-08-29 06:07:16+00:00,photos\@nevacomputer_8663.jpg
NEVA COMPUTER®,@nevacomputer,8662,"#NEVACOMPUTER
#ለተማሪቅናሽ

🅑︎🅡︎🅐︎🅝︎🅓︎ : HP Elitebook G3
✨🅓︎🅘︎🅢︎🅟︎🅛︎🅐︎🅨︎: 15.6” FHD
✨🅒︎🅟︎🅤︎: CORE I7 7th generation 
✨🅡︎🅐︎🅜︎:8GB 𝗗𝗗𝗥4
✨🅢︎🅣︎🅞︎🅡︎🅐︎🅖︎: 512GB SSD
✨🅖︎raphics: INTEL UHD 
✨🅞︎🅢︎:window 11 pro 
✨🅑︎🅐︎🅣︎🅣︎🅔︎🅡︎🅨︎: 5HR
✨🅢︎🅣︎🅐︎🅣︎🅤︎🅢︎: OPEN BOX 
Price  37000 birr 
📩@rasneva ለአጭር መልእክት
 ይደዉሉ ☎️
+251912759900
+251920153333

🏢 አድራሻ: - መገናኛ ማራቶን የ ገበያ ማእከል በ ዋናው መግቢያ መሬት ላይ
ወይንም ግራውንድ ፍሎር ብቅ ይበሉ
 👉ነቫ ኮምፒውተር👈 መሆኑን ያረጋግጡ

ድህረ ገጻችንን ይጎብኙ
www.nevacomputer.com

ቴሌግራም ቻናላችንን ይቀላቀሉ

https://t.me/nevacomputer",2024-08-29 06:07:16+00:00,photos\@nevacomputer_8662.jpg
NEVA COMPUTER®,@nevacomputer,8661,[No Text],2024-08-29 06:07:16+00:00,photos\@nevacomputer_8661.jpg
NEVA COMPUTER®,@nevacomputer,8660,[No Text],2024-08-29 06:01:32+00:00,photos\@nevacomputer_8660.jpg
NEVA COMPUTER®,@nevacomputer,8659,[No Text],2024-08-29 06:01:32+00:00,photos\@nevacomputer_8659.jpg
NEVA COMPUTER®,@nevacomputer,8658,[No Text],2024-08-29 06:01:32+00:00,photos\@nevacomputer_8658.jpg
NEVA COMPUTER®,@nevacomputer,8657,[No Text],2024-08-29 06:01:32+00:00,photos\@nevacomputer_8657.jpg
NEVA COMPUTER®,@nevacomputer,8656,"#EUROPE STANDARD 
🅑︎🅡︎🅐︎🅝︎🅓︎ : DELL 
✨🅓︎🅘︎🅢︎🅟︎🅛︎🅐︎🅨︎: 14” FULL HD 
✨🅒︎🅟︎🅤︎: CORE I5 13th generation (10 core and 12 logical processor) 
✨🅡︎🅐︎🅜︎:16Gb 𝗗𝗗𝗥4
✨🅢︎🅣︎🅞︎🅡︎🅐︎🅖︎: 512 GB SSD 
✨🅖︎🅡︎🅐︎🅟︎🅗︎🅘︎🅒︎🅢︎: IRIS XE 
✨🅞︎🅢︎:window 10 pro
✨🅑︎🅐︎🅣︎🅣︎🅔︎🅡︎🅨︎: 10HR
✨🅢︎🅣︎🅐︎🅣︎🅤︎🅢︎:  packed brand new 
Price  72000 birr
📩@rasneva ለአጭር መልእክት
 ይደዉሉ ☎️
+251912759900
+251920153333

🏢 አድራሻ: - መገናኛ ማራቶን የ ገበያ ማእከል በ ዋናው መግቢያ መሬት ላይ
ወይንም ግራውንድ ፍሎር ብቅ ይበሉ
 👉ነቫ ኮምፒውተር👈 መሆኑን ያረጋግጡ

ድህረ ገጻችንን ይጎብኙ
www.nevacomputer.com

ቴሌግራም ቻናላችንን ይቀላቀሉ

https://t.me/nevacomputer",2024-08-29 06:01:32+00:00,photos\@nevacomputer_8656.jpg
NEVA COMPUTER®,@nevacomputer,8655,[No Text],2024-08-29 06:00:21+00:00,photos\@nevacomputer_8655.jpg
NEVA COMPUTER®,@nevacomputer,8654,"Very portable and can do multi-task

#HP ELITEBOOK 1040 G6
🅑︎🅡︎🅐︎🅝︎🅓︎ : HP ELITEBOOK 
✨🅓︎🅘︎🅢︎🅟︎🅛︎🅐︎🅨︎: 14” convertable touch screen full HD
✨🅒︎🅟︎🅤︎: CORE I7 8th generation 
✨🅡︎🅐︎🅜︎:16 GB 𝗗𝗗𝗥4
✨🅢︎🅣︎🅞︎🅡︎🅐︎🅖︎: 512 GB SSD 
✨🅖︎raphics: intel uhd graphics 
✨🅞︎🅢︎:window 11 pro 
✨🅑︎🅐︎🅣︎🅣︎🅔︎🅡︎🅨︎: 5HR
✨🅢︎🅣︎🅐︎🅣︎🅤︎🅢︎:  open box 
Price  52000 birr 
📩@rasneva ለአጭር መልእክት
 ይደዉሉ ☎️
+251912759900
+251920153333

🏢 አድራሻ: - መገናኛ ማራቶን የ ገበያ ማእከል በ ዋናው መግቢያ መሬት ላይ
ወይንም ግራውንድ ፍሎር ብቅ ይበሉ
 👉ነቫ ኮምፒውተር👈 መሆኑን ያረጋግጡ

ድህረ ገጻችንን ይጎብኙ
www.nevacomputer.com

ቴሌግራም ቻናላችንን ይቀላቀሉ

https://t.me/nevacomputer",2024-08-29 06:00:21+00:00,photos\@nevacomputer_8654.jpg
NEVA COMPUTER®,@nevacomputer,8653,[No Text],2024-08-29 06:00:21+00:00,photos\@nevacomputer_8653.jpg
NEVA COMPUTER®,@nevacomputer,8652,[No Text],2024-08-29 06:00:21+00:00,photos\@nevacomputer_8652.jpg
NEVA COMPUTER®,@nevacomputer,8651,[No Text],2024-08-29 05:59:20+00:00,photos\@nevacomputer_8651.jpg
NEVA COMPUTER®,@nevacomputer,8650,"from #Nevacomputer 
#business laptop 
Another one

🅑︎🅡︎🅐︎🅝︎🅓︎ : Hp dragonfly 
✨🅓︎🅘︎🅢︎🅟︎🅛︎🅐︎🅨︎: 13.3 ” ultra slim  crystal display 1080 resolution 
✨🅒︎🅟︎🅤︎: 𝗶𝗻𝘁𝗲𝗹®𝗰𝗼𝗿𝗲 𝗶7 11th generation  
✨🅡︎🅐︎🅜︎:16GB 𝗗𝗗𝗥4 
✨🅢︎🅣︎🅞︎🅡︎🅐︎🅖︎🅔︎: 512GB SSD
✨🅖︎🅡︎🅐︎🅟︎🅗︎🅘︎🅒︎🅢︎: intel hd 
✨🅞︎🅢︎:𝘄𝗶𝗻𝗱𝗼𝘄𝘀 10 pro 
✨🅑︎🅐︎🅣︎🅣︎🅔︎🅡︎🅨︎: 8HR🙈
✨🅢︎🅣︎🅐︎🅣︎🅤︎🅢︎: brand new
Price  82000 birr
📩@rasneva ለአጭር መልእክት
 ይደዉሉ ☎️
+251912759900
+251920153333

🏢 አድራሻ : - መገናኛ ማራቶን የ ገበያ ማእከል በ ዋናው መግቢያ መሬት ላይ
ወይንም ግራውንድ ፍሎር ብቅ ይበሉ
 👉ነቫ ኮምፒውተር👈 መሆኑን ያረጋግጡ

ድህረ ገጻችንን ይጎብኙ
www.nevacomputer.com

ቴሌግራም ቻናላችንን ይቀላቀሉ

https://t.me/nevacomputer

     ""🅝︎🅔︎🅥︎🅐︎   🅒︎🅞︎🅜︎🅟︎🅤︎🅣︎🅔︎🅡︎""",2024-08-29 05:59:20+00:00,photos\@nevacomputer_8650.jpg
NEVA COMPUTER®,@nevacomputer,8649,[No Text],2024-08-29 05:59:20+00:00,photos\@nevacomputer_8649.jpg
NEVA COMPUTER®,@nevacomputer,8648,[No Text],2024-08-29 05:58:00+00:00,photos\@nevacomputer_8648.jpg
NEVA COMPUTER®,@nevacomputer,8647,[No Text],2024-08-29 05:58:00+00:00,photos\@nevacomputer_8647.jpg
NEVA COMPUTER®,@nevacomputer,8646,[No Text],2024-08-29 05:58:00+00:00,photos\@nevacomputer_8646.jpg
NEVA COMPUTER®,@nevacomputer,8645,"🔤🔤🔤🅰️
🔤🔤🔤🔤🔤🔤🔤🔤

#13th generation  high end business laptop ✔️
#presidential offer   
#USA STANDARD 
🅑︎🅡︎🅐︎🅝︎🅓︎ : HP ENVY X360     
✨🅓︎🅘︎🅢︎🅟︎🅛︎🅐︎🅨︎: 13.3” 1080 full hd screen 
✨🅒︎🅟︎🅤︎: CORE I7 13th gen❤️  
✨🅡︎🅐︎🅜︎:16GB 𝗗𝗗𝗥4 
✨🅢︎🅣︎🅞︎🅡︎🅐︎🅖︎: 1TB SSD
✨🅖︎🅡︎🅐︎🅟︎🅗︎🅘︎🅒︎🅢︎: IRIS XE GRAPHICS CARD 
✨🅞︎🅢︎:𝘄𝗶𝗻𝗱𝗼𝘄𝘀 11 pro 22H2 
✨🅑︎🅐︎🅣︎🅣︎🅔︎🅡︎🅨︎: 8HR
✨🅢︎🅣︎🅐︎🅣︎🅤︎🅢︎: BRAND NEW  
Price 116000 birr
📩@rasneva ለአጭር መልእክት
 ይደዉሉ ☎️
+251912759900
+251920153333

🏢 አድራሻ: - መገናኛ ማራቶን የ ገበያ ማእከል በ ዋናው መግቢያ መሬት ላይ
ወይንም ግራውንድ ፍሎር ብቅ ይበሉ
 👉ነቫ ኮምፒውተር👈 መሆኑን ያረጋግጡ

ድህረ ገጻችንን ይጎብኙ
www.nevacomputer.com

ቴሌግራም ቻናላችንን ይቀላቀሉ

https://t.me/nevacomputer

     🔠🔠🔠🅰️ 🔠🔠🔠🔠🔠🔠🔠🔠",2024-08-29 05:58:00+00:00,photos\@nevacomputer_8645.jpg
NEVA COMPUTER®,@nevacomputer,8644,[No Text],2024-08-29 05:56:37+00:00,photos\@nevacomputer_8644.jpg
NEVA COMPUTER®,@nevacomputer,8643,[No Text],2024-08-29 05:56:37+00:00,photos\@nevacomputer_8643.jpg
NEVA COMPUTER®,@nevacomputer,8642,"#HP PAVILION
🅑︎🅡︎🅐︎🅝︎🅓︎ : HP PAVILION X360 
✨🅓︎🅘︎🅢︎🅟︎🅛︎🅐︎🅨︎: 14” FHD TOUCH SCREEN CONVERTIBLE 
✨🅒︎🅟︎🅤︎: CORE I5 11th GEN 💪🏽
✨🅡︎🅐︎🅜︎:16Gb 𝗗𝗗𝗥4
✨🅢︎🅣︎🅞︎🅡︎🅐︎🅖︎: 512GB SSD 
✨🅖︎🅡︎🅐︎🅟︎🅗︎🅘︎🅒︎🅢︎: INTEL IRIS XE GRAPHICS 
✨🅞︎🅢︎:window 10 pro
✨🅑︎🅐︎🅣︎🅣︎🅔︎🅡︎🅨︎: 6HR
✨🅢︎🅣︎🅐︎🅣︎🅤︎🅢︎:  brand new 
Price  63500 birr
📩@rasneva ለአጭር መልእክት
 ይደዉሉ ☎️
+251912759900
+251920153333

🏢 አድራሻ: - መገናኛ ማራቶን የ ገበያ ማእከል በ ዋናው መግቢያ መሬት ላይ
ወይንም ግራውንድ ፍሎር ብቅ ይበሉ
 👉ነቫ ኮምፒውተር👈 መሆኑን ያረጋግጡ

ድህረ ገጻችንን ይጎብኙ
www.nevacomputer.com

ቴሌግራም ቻናላችንን ይቀላቀሉ

https://t.me/nevacomputer",2024-08-29 05:56:37+00:00,photos\@nevacomputer_8642.jpg
NEVA COMPUTER®,@nevacomputer,8641,[No Text],2024-08-29 05:56:37+00:00,photos\@nevacomputer_8641.jpg
NEVA COMPUTER®,@nevacomputer,8640,[No Text],2024-08-29 05:55:01+00:00,photos\@nevacomputer_8640.jpg
NEVA COMPUTER®,@nevacomputer,8639,[No Text],2024-08-29 05:55:01+00:00,photos\@nevacomputer_8639.jpg
NEVA COMPUTER®,@nevacomputer,8638,[No Text],2024-08-29 05:55:01+00:00,photos\@nevacomputer_8638.jpg
NEVA COMPUTER®,@nevacomputer,8637,"NEW ARRIVAL GAMING LAPTOP

✨ DELL G15

✨ 15.6"" FHD Display
1920 x 1080 resolution showcases your games and HD movies with impressive color and clarity. Antireflective finish reduces eyestrain and widens the field of view.
✨ AMD Ryzen 7 5800H
Imagine, design and create without boundaries. 
The powerful AMD Ryzen tm 7 processor features machine intelligence that anticipates your needs. Discover true responsiveness with 8 cores and 16 threads for ultimate performance.
✨ 16GB system memory for advanced multitasking
✨ 512GB solid state drive (SSD)
👌NVIDIA GeForce RTX 3050 Ti graphics
Backed by 4GB GDDR6 dedicated video memory for a fast, advanced GPU to fuel your games.

Price  
🅘𝙣𝙗𝙤𝙭 📩 @rasneva
☎️ call:
✨0912759900
✨0920153333
🏢 አድራሻ : - መገናኛ ማራቶን የ ገበያ ማእከል በ ዋናው መግቢያ መሬት ላይ
ወይንም ግራውንድ ፍሎር ብቅ ይበሉ
 👉ነቫ ኮምፒውተር👈 መሆኑን ያረጋግጡ",2024-08-29 05:55:01+00:00,photos\@nevacomputer_8637.jpg
NEVA COMPUTER®,@nevacomputer,8636,"DONT MISS IT 🔥

#GAMINGLAPTOP
🅑︎🅡︎🅐︎🅝︎🅓︎ : DELL G3
✨🅓︎🅘︎🅢︎🅟︎🅛︎🅐︎🅨︎: 15.6” FHD
✨🅒︎🅟︎🅤︎: CORE I7 10th generation 
✨🅡︎🅐︎🅜︎:16 GB 𝗗𝗗𝗥4
✨🅢︎🅣︎🅞︎🅡︎🅐︎🅖︎: 512 GB SSD 
✨🅖︎raphics: 6GB RTX 2060  
✨🅞︎🅢︎:window 11 pro 
✨🅑︎🅐︎🅣︎🅣︎🅔︎🅡︎🅨︎: 4hr
✨🅢︎🅣︎🅐︎🅣︎🅤︎🅢︎:  open box 
Price  👇
📩@rasneva ለአጭር መልእክት
 ይደዉሉ ☎️
+251912759900
+251920153333

🏢 አድራሻ: - መገናኛ ማራቶን የ ገበያ ማእከል በ ዋናው መግቢያ መሬት ላይ
ወይንም ግራውንድ ፍሎር ብቅ ይበሉ
 👉ነቫ ኮምፒውተር👈 መሆኑን ያረጋግጡ

ድህረ ገጻችንን ይጎብኙ
www.nevacomputer.com

ቴሌግራም ቻናላችንን ይቀላቀሉ

https://t.me/nevacomputer",2024-08-29 05:53:41+00:00,photos\@nevacomputer_8636.jpg
NEVA COMPUTER®,@nevacomputer,8635,[No Text],2024-08-29 05:53:40+00:00,photos\@nevacomputer_8635.jpg
NEVA COMPUTER®,@nevacomputer,8634,[No Text],2024-08-29 05:53:40+00:00,photos\@nevacomputer_8634.jpg
NEVA COMPUTER®,@nevacomputer,8633,[No Text],2024-08-28 21:51:24+00:00,photos\@nevacomputer_8633.jpg
NEVA COMPUTER®,@nevacomputer,8632,[No Text],2024-08-28 21:51:24+00:00,photos\@nevacomputer_8632.jpg
NEVA COMPUTER®,@nevacomputer,8631,"#EUROPE STANDARD 
🅑︎🅡︎🅐︎🅝︎🅓︎ : HP VICTUS 
✨🅓︎🅘︎🅢︎🅟︎🅛︎🅐︎🅨︎: 16” FHD
✨🅒︎🅟︎🅤︎: RYZEN 7 6000 SERIOUS 
✨🅡︎🅐︎🅜︎:16Gb 𝗗𝗗𝗥5
✨🅢︎🅣︎🅞︎🅡︎🅐︎🅖︎: 512 GB SSD 
✨🅖︎🅡︎🅐︎🅟︎🅗︎🅘︎🅒︎🅢︎:RTX 3050 4GB 
✨🅞︎🅢︎:window 11pro
✨🅑︎🅐︎🅣︎🅣︎🅔︎🅡︎🅨︎:6HR 
✨🅢︎🅣︎🅐︎🅣︎🅤︎🅢︎:  packed brand new 
Price  105000 birr 
📩@rasneva ለአጭር መልእክት
 ይደዉሉ ☎️
+251912759900
+251920153333

🏢 አድራሻ: - መገናኛ ማራቶን የ ገበያ ማእከል በ ዋናው መግቢያ መሬት ላይ
ወይንም ግራውንድ ፍሎር ብቅ ይበሉ
 👉ነቫ ኮምፒውተር👈 መሆኑን ያረጋግጡ

ድህረ ገጻችንን ይጎብኙ
www.nevacomputer.com

ቴሌግራም ቻናላችንን ይቀላቀሉ

https://t.me/nevacomputer",2024-08-28 21:51:24+00:00,photos\@nevacomputer_8631.jpg
NEVA COMPUTER®,@nevacomputer,8630,[No Text],2024-08-28 21:48:27+00:00,photos\@nevacomputer_8630.jpg
NEVA COMPUTER®,@nevacomputer,8629,[No Text],2024-08-28 21:48:27+00:00,photos\@nevacomputer_8629.jpg
NEVA COMPUTER®,@nevacomputer,8628,"#EUROPE STANDARD 
🅑︎🅡︎🅐︎🅝︎🅓︎ : ASUS VIVOBOOK 
✨🅓︎🅘︎🅢︎🅟︎🅛︎🅐︎🅨︎: 15.6” FHD 
✨🅒︎🅟︎🅤︎: CORE I7 11th generation
✨🅡︎🅐︎🅜︎:16Gb 𝗗𝗗𝗥5
✨🅢︎🅣︎🅞︎🅡︎🅐︎🅖︎: 512 GB SSD 
✨🅖︎🅡︎🅐︎🅟︎🅗︎🅘︎🅒︎🅢︎: IRIS XE 
✨🅞︎🅢︎:window 11pro
✨🅑︎🅐︎🅣︎🅣︎🅔︎🅡︎🅨︎: 8HR  
✨🅢︎🅣︎🅐︎🅣︎🅤︎🅢︎:  packed brand new 
Price  63000 birr
📩@rasneva ለአጭር መልእክት
 ይደዉሉ ☎️
+251912759900
+251920153333

🏢 አድራሻ: - መገናኛ ማራቶን የ ገበያ ማእከል በ ዋናው መግቢያ መሬት ላይ
ወይንም ግራውንድ ፍሎር ብቅ ይበሉ
 👉ነቫ ኮምፒውተር👈 መሆኑን ያረጋግጡ

ድህረ ገጻችንን ይጎብኙ
www.nevacomputer.com

ቴሌግራም ቻናላችንን ይቀላቀሉ

https://t.me/nevacomputer",2024-08-28 21:48:27+00:00,photos\@nevacomputer_8628.jpg
NEVA COMPUTER®,@nevacomputer,8627,DISCOUNT WITH NEVA AS ALWAYS. COME AND TAKE YOURS ❤️,2024-08-23 06:28:16+00:00,photos\@nevacomputer_8627.jpg
NEVA COMPUTER®,@nevacomputer,8626,"#EUROPE STANDARD 
🅑︎🅡︎🅐︎🅝︎🅓︎ : HP ENVY X360  
✨🅓︎🅘︎🅢︎🅟︎🅛︎🅐︎🅨︎: 15.6” x360 touch 4K Screen 
✨🅒︎🅟︎🅤︎: CORE I7 13th generation
✨🅡︎🅐︎🅜︎:16Gb 𝗗𝗗𝗥5
✨🅢︎🅣︎🅞︎🅡︎🅐︎🅖︎: 1TB SSD 
✨🅖︎🅡︎🅐︎🅟︎🅗︎🅘︎🅒︎🅢︎: IRIS XE 
✨🅞︎🅢︎:window 11pro
✨🅑︎🅐︎🅣︎🅣︎🅔︎🅡︎🅨︎: 15HR video play back 
✨🅢︎🅣︎🅐︎🅣︎🅤︎🅢︎:  packed brand new 
Price  120k
📩@rasneva ለአጭር መልእክት
 ይደዉሉ ☎️
+251912759900
+251920153333

🏢 አድራሻ: - መገናኛ ማራቶን የ ገበያ ማእከል በ ዋናው መግቢያ መሬት ላይ
ወይንም ግራውንድ ፍሎር ብቅ ይበሉ
 👉ነቫ ኮምፒውተር👈 መሆኑን ያረጋግጡ

ድህረ ገጻችንን ይጎብኙ
www.nevacomputer.com

ቴሌግራም ቻናላችንን ይቀላቀሉ

https://t.me/nevacomputer",2024-08-23 06:25:45+00:00,photos\@nevacomputer_8626.jpg
NEVA COMPUTER®,@nevacomputer,8625,[No Text],2024-08-23 06:25:45+00:00,photos\@nevacomputer_8625.jpg
NEVA COMPUTER®,@nevacomputer,8624,[No Text],2024-08-23 06:25:45+00:00,photos\@nevacomputer_8624.jpg
NEVA COMPUTER®,@nevacomputer,8623,[No Text],2024-08-23 06:24:03+00:00,photos\@nevacomputer_8623.jpg
NEVA COMPUTER®,@nevacomputer,8622,[No Text],2024-08-23 06:24:03+00:00,photos\@nevacomputer_8622.jpg
NEVA COMPUTER®,@nevacomputer,8621,[No Text],2024-08-23 06:24:03+00:00,photos\@nevacomputer_8621.jpg
NEVA COMPUTER®,@nevacomputer,8620,[No Text],2024-08-23 06:24:03+00:00,photos\@nevacomputer_8620.jpg
NEVA COMPUTER®,@nevacomputer,8619,"#EUROPE STANDARD 
🅑︎🅡︎🅐︎🅝︎🅓︎ : HP SPECTER
✨🅓︎🅘︎🅢︎🅟︎🅛︎🅐︎🅨︎: 15.6” x360 touch 4K Screen 
✨🅒︎🅟︎🅤︎: CORE I7 13th generation
✨🅡︎🅐︎🅜︎:16Gb 𝗗𝗗𝗥5
✨🅢︎🅣︎🅞︎🅡︎🅐︎🅖︎: 512 GB SSD 
✨🅖︎🅡︎🅐︎🅟︎🅗︎🅘︎🅒︎🅢︎: IRIS XE 
✨🅞︎🅢︎:window 11pro
✨🅑︎🅐︎🅣︎🅣︎🅔︎🅡︎🅨︎: 15HR video play back 
✨🅢︎🅣︎🅐︎🅣︎🅤︎🅢︎:  packed brand new 
Price  135k
📩@rasneva ለአጭር መልእክት
 ይደዉሉ ☎️
+251912759900
+251920153333

🏢 አድራሻ: - መገናኛ ማራቶን የ ገበያ ማእከል በ ዋናው መግቢያ መሬት ላይ
ወይንም ግራውንድ ፍሎር ብቅ ይበሉ
 👉ነቫ ኮምፒውተር👈 መሆኑን ያረጋግጡ

ድህረ ገጻችንን ይጎብኙ
www.nevacomputer.com

ቴሌግራም ቻናላችንን ይቀላቀሉ

https://t.me/nevacomputer",2024-08-23 06:24:02+00:00,photos\@nevacomputer_8619.jpg
NEVA COMPUTER®,@nevacomputer,8618,[No Text],2024-08-22 15:21:55+00:00,photos\@nevacomputer_8618.jpg
NEVA COMPUTER®,@nevacomputer,8617,[No Text],2024-08-22 15:21:55+00:00,photos\@nevacomputer_8617.jpg
NEVA COMPUTER®,@nevacomputer,8616,"#EUROPE STANDARD 
🅑︎🅡︎🅐︎🅝︎🅓︎ : DELL 
✨🅓︎🅘︎🅢︎🅟︎🅛︎🅐︎🅨︎: 14” FULL HD 
✨🅒︎🅟︎🅤︎: CORE I5 12th generation (10 core and 12 logical processor) 
✨🅡︎🅐︎🅜︎:16Gb 𝗗𝗗𝗥4
✨🅢︎🅣︎🅞︎🅡︎🅐︎🅖︎: 256 GB SSD 
✨🅖︎🅡︎🅐︎🅟︎🅗︎🅘︎🅒︎🅢︎: IRIS XE 
✨🅞︎🅢︎:window 10 pro
✨🅑︎🅐︎🅣︎🅣︎🅔︎🅡︎🅨︎: 10HR video play back 
✨🅢︎🅣︎🅐︎🅣︎🅤︎🅢︎:  packed brand new 
Price  👇
📩@rasneva ለአጭር መልእክት
 ይደዉሉ ☎️
+251912759900
+251920153333

🏢 አድራሻ: - መገናኛ ማራቶን የ ገበያ ማእከል በ ዋናው መግቢያ መሬት ላይ
ወይንም ግራውንድ ፍሎር ብቅ ይበሉ
 👉ነቫ ኮምፒውተር👈 መሆኑን ያረጋግጡ

ድህረ ገጻችንን ይጎብኙ
www.nevacomputer.com

ቴሌግራም ቻናላችንን ይቀላቀሉ

https://t.me/nevacomputer",2024-08-22 15:21:55+00:00,photos\@nevacomputer_8616.jpg
NEVA COMPUTER®,@nevacomputer,8615,[No Text],2024-08-22 15:21:55+00:00,photos\@nevacomputer_8615.jpg
NEVA COMPUTER®,@nevacomputer,8614,"#GAMING LAPTOP✔️
#student offer 
🗯️
🅑︎🅡︎🅐︎🅝︎🅓︎ : HP OMEN 016 
✨🅓︎🅘︎🅢︎🅟︎🅛︎🅐︎🅨︎: 16” QHD 165HZ 
 ✨🅒︎🅟︎🅤︎: CORE I9-13900HX( 24 core & 32 logical processor 
✨🅡︎🅐︎🅜︎:16GB 𝗗𝗗𝗥5
✨🅢︎🅣︎🅞︎🅡︎🅐︎🅖︎: 1TB SSD 
✨🅖︎🅡︎🅐︎🅟︎🅗︎🅘︎🅒︎🅢︎: 8GB RTX 4060 
✨🅞︎🅢︎:𝘄𝗶𝗻𝗱𝗼𝘄𝘀 11 pro  
✨🅑︎🅐︎🅣︎🅣︎🅔︎🅡︎🅨︎: 4HR 
✨🅢︎🅣︎🅐︎🅣︎🅤︎🅢︎: BRAND NEW  
📩@rasneva ለአጭር መልእክት
 ይደዉሉ ☎️
+251912759900
+251920153333

🏢 አድራሻ: - መገናኛ ማራቶን የ ገበያ ማእከል በ ዋናው መግቢያ መሬት ላይ
ወይንም ግራውንድ ፍሎር ብቅ ይበሉ
 👉ነቫ ኮምፒውተር👈 መሆኑን ያረጋግጡ

ድህረ ገጻችንን ይጎብኙ
www.nevacomputer.com

ቴሌግራም ቻናላችንን ይቀላቀሉ

https://t.me/nevacomputer",2024-08-22 14:52:41+00:00,photos\@nevacomputer_8614.jpg
NEVA COMPUTER®,@nevacomputer,8613,[No Text],2024-08-22 14:52:41+00:00,photos\@nevacomputer_8613.jpg
NEVA COMPUTER®,@nevacomputer,8612,"#EUROPE STANDARD 
🅑︎🅡︎🅐︎🅝︎🅓︎ : MICROSOFT LAPTOP FIVE(5)
✨🅓︎🅘︎🅢︎🅟︎🅛︎🅐︎🅨︎: 14” 4K  TOUCH DISPALY
✨🅒︎🅟︎🅤︎: CORE I5 12TH GEN(10CORE &12CPU)
✨🅡︎🅐︎🅜︎:8Gb 𝗗𝗗𝗥4
✨🅢︎🅣︎🅞︎🅡︎🅐︎🅖︎: 512 SSD 
✨🅖︎🅡︎🅐︎🅟︎🅗︎🅘︎🅒︎🅢︎: IRIS XE WITH WIFE 6 super FAST INTERNET SPPED 
✨🅑︎🅐︎🅣︎🅣︎🅔︎🅡︎🅨︎: 15HR REAL TIME VIDEO PLAY BACK 
✨🅢︎🅣︎🅐︎🅣︎🅤︎🅢︎:  BRAND NEW 
Price 82000 birr 
📩@rasneva ለአጭር መልእክት
 ይደዉሉ ☎️
+251912759900
+251920153333

🏢 አድራሻ: - መገናኛ ማራቶን የ ገበያ ማእከል በ ዋናው መግቢያ መሬት ላይ
ወይንም ግራውንድ ፍሎር ብቅ ይበሉ
 👉ነቫ ኮምፒውተር👈 መሆኑን ያረጋግጡ

ድህረ ገጻችንን ይጎብኙ
www.nevacomputer.com

ቴሌግራም ቻናላችንን ይቀላቀሉ

https://t.me/nevacomputer",2024-08-22 14:51:42+00:00,photos\@nevacomputer_8612.jpg
NEVA COMPUTER®,@nevacomputer,8611,[No Text],2024-08-22 14:51:42+00:00,photos\@nevacomputer_8611.jpg
NEVA COMPUTER®,@nevacomputer,8609,[No Text],2024-08-22 14:38:10+00:00,photos\@nevacomputer_8609.jpg
NEVA COMPUTER®,@nevacomputer,8608,[No Text],2024-08-22 14:38:10+00:00,photos\@nevacomputer_8608.jpg
NEVA COMPUTER®,@nevacomputer,8607,"#EUROPE STANDARD 
🅑︎🅡︎🅐︎🅝︎🅓︎ : MAC BOOK AIR 
✨🅓︎🅘︎🅢︎🅟︎🅛︎🅐︎🅨︎: 13.3” RETINA DISPALY
✨🅒︎🅟︎🅤︎: CORE I5 2017 model 
✨🅡︎🅐︎🅜︎:8Gb 𝗗𝗗𝗥4
✨🅢︎🅣︎🅞︎🅡︎🅐︎🅖︎: 128GB SSD 
✨🅖︎🅡︎🅐︎🅟︎🅗︎🅘︎🅒︎🅢︎: IRIS XE 
✨🅑︎🅐︎🅣︎🅣︎🅔︎🅡︎🅨︎: 10HR (350) CYCLE COUNT 
✨🅢︎🅣︎🅐︎🅣︎🅤︎🅢︎:  LIKE NEW 
Price  48500 BIRR 
📩@rasneva ለአጭር መልእክት
 ይደዉሉ ☎️
+251912759900
+251920153333

🏢 አድራሻ: - መገናኛ ማራቶን የ ገበያ ማእከል በ ዋናው መግቢያ መሬት ላይ
ወይንም ግራውንድ ፍሎር ብቅ ይበሉ
 👉ነቫ ኮምፒውተር👈 መሆኑን ያረጋግጡ

ድህረ ገጻችንን ይጎብኙ
www.nevacomputer.com

ቴሌግራም ቻናላችንን ይቀላቀሉ

https://t.me/nevacomputer",2024-08-22 14:38:10+00:00,photos\@nevacomputer_8607.jpg
NEVA COMPUTER®,@nevacomputer,8598,[No Text],2024-07-20 10:09:19+00:00,photos\@nevacomputer_8598.jpg
NEVA COMPUTER®,@nevacomputer,8597,"#EUROPE STANDARD 
🅑︎🅡︎🅐︎🅝︎🅓︎ : DELL 
✨🅓︎🅘︎🅢︎🅟︎🅛︎🅐︎🅨︎: 14” FULL HD 
✨🅒︎🅟︎🅤︎: CORE I5 12th generation (10 core and 12 logical processor) 
✨🅡︎🅐︎🅜︎:16Gb 𝗗𝗗𝗥4
✨🅢︎🅣︎🅞︎🅡︎🅐︎🅖︎: 256 GB SSD 
✨🅖︎🅡︎🅐︎🅟︎🅗︎🅘︎🅒︎🅢︎: IRIS XE 
✨🅞︎🅢︎:window 10 pro
✨🅑︎🅐︎🅣︎🅣︎🅔︎🅡︎🅨︎: 10HR
✨🅢︎🅣︎🅐︎🅣︎🅤︎🅢︎:  packed brand new 
Price  👇
📩@rasneva ለአጭር መልእክት
 ይደዉሉ ☎️
+251912759900
+251920153333

🏢 አድራሻ: - መገናኛ ማራቶን የ ገበያ ማእከል በ ዋናው መግቢያ መሬት ላይ
ወይንም ግራውንድ ፍሎር ብቅ ይበሉ
 👉ነቫ ኮምፒውተር👈 መሆኑን ያረጋግጡ

ድህረ ገጻችንን ይጎብኙ
www.nevacomputer.com

ቴሌግራም ቻናላችንን ይቀላቀሉ

https://t.me/nevacomputer",2024-07-20 10:09:19+00:00,photos\@nevacomputer_8597.jpg
NEVA COMPUTER®,@nevacomputer,8596,[No Text],2024-07-20 10:09:19+00:00,photos\@nevacomputer_8596.jpg
NEVA COMPUTER®,@nevacomputer,8595,[No Text],2024-07-20 10:09:18+00:00,photos\@nevacomputer_8595.jpg
NEVA COMPUTER®,@nevacomputer,8594,Saturday discount 270k,2024-07-20 09:18:50+00:00,
NEVA COMPUTER®,@nevacomputer,8593,[No Text],2024-07-03 18:20:38+00:00,photos\@nevacomputer_8593.jpg
NEVA COMPUTER®,@nevacomputer,8592,[No Text],2024-07-03 18:20:38+00:00,photos\@nevacomputer_8592.jpg
NEVA COMPUTER®,@nevacomputer,8591,[No Text],2024-07-03 18:20:38+00:00,photos\@nevacomputer_8591.jpg
NEVA COMPUTER®,@nevacomputer,8590,"FROM NEVA COMPUTER
#GAMING LAPTOP
FROM #USA👇🏾
PACKED

#Gigabyte 17.3"" Aorus 17H Gaming Notebook

 • Dedicated NVIDIA GeForce 12GB GDDR6 RTX 4080 
 • 13th Gen Intel Core i7 Processor
 • 16GB of DDR5 RAM | 1TB M.2 PCIe SSD
 • 17.3"" 1920 x 1080 IPS 360 Hz Refresh Rate Display
 • RGB keyboard all keys have independent light control

Price  290,000 birr
📩@rasneva ለአጭር መልእክት
 ይደዉሉ ☎️
+251912759900
+251920153333

🏢 አድራሻ : - መገናኛ ማራቶን የ ገበያ ማእከል በ ዋናው መግቢያ መሬት ላይ
ወይንም ግራውንድ ፍሎር ብቅ ይበሉ
 👉ነቫ ኮምፒውተር👈 መሆኑን ያረጋግጡ

ድህረ ገጻችንን ይጎብኙ
www.nevacomputer.com

ቴሌግራም ቻናላችንን ይቀላቀሉ

https://t.me/nevacomputer

🅝🅔🅥🅐   🅒🅞🅜🅟🅤🅣🅔🅡",2024-07-03 18:20:38+00:00,photos\@nevacomputer_8590.jpg
NEVA COMPUTER®,@nevacomputer,8589,[No Text],2024-06-13 07:28:23+00:00,photos\@nevacomputer_8589.jpg
NEVA COMPUTER®,@nevacomputer,8588,[No Text],2024-06-13 07:28:23+00:00,photos\@nevacomputer_8588.jpg
NEVA COMPUTER®,@nevacomputer,8587,[No Text],2024-06-13 07:28:23+00:00,photos\@nevacomputer_8587.jpg
NEVA COMPUTER®,@nevacomputer,8586,[No Text],2024-06-13 07:28:22+00:00,photos\@nevacomputer_8586.jpg
NEVA COMPUTER®,@nevacomputer,8585,[No Text],2024-06-13 07:28:22+00:00,photos\@nevacomputer_8585.jpg
NEVA COMPUTER®,@nevacomputer,8584,[No Text],2024-06-13 07:28:22+00:00,photos\@nevacomputer_8584.jpg
NEVA COMPUTER®,@nevacomputer,8583,[No Text],2024-06-13 07:28:22+00:00,photos\@nevacomputer_8583.jpg
NEVA COMPUTER®,@nevacomputer,8582,"FROM NEVA COMPUTER
#GAMINGLAPTOP
FROM #USA👇🏾
PACKED

#MSI Cyborg 15 A12VF 045 (GeForce RTX™ 4060, GDDR6 8GB)

• Windows 11 Home (MSI recommends Windows 11 Pro for business.)
 • NVIDIA® GeForce RTX™ 4060 Laptop GPU 8GB GDDR6
 • 15.6″ FHD (1920*1080), 144Hz 45%NTSC IPS-Level
 • Intel® Core™ i7-12650H
 • 512GB NVMe PCIe SSD Gen4x4
 • DDR5 8GB*2 (4800MHz)
 • Blue Backlit Gaming Keyboard
 • 3 cell, 53.5Whr


📩@rasneva ለአጭር መልእክት
 ይደዉሉ ☎️
+251912759900
+251920153333

🏢 አድራሻ : - መገናኛ ማራቶን የ ገበያ ማእከል በ ዋናው መግቢያ መሬት ላይ
ወይንም ግራውንድ ፍሎር ብቅ ይበሉ
 👉ነቫ ኮምፒውተር👈 መሆኑን ያረጋግጡ

ድህረ ገጻችንን ይጎብኙ
www.nevacomputer.com

ቴሌግራም ቻናላችንን ይቀላቀሉ

https://t.me/nevacomputer

     ""🅝︎🅔︎🅥︎🅐︎   🅒︎🅞︎🅜︎🅟︎🅤︎🅣︎🅔︎🅡︎",2024-06-13 07:28:22+00:00,photos\@nevacomputer_8582.jpg
NEVA COMPUTER®,@nevacomputer,8580,[No Text],2024-05-25 06:05:30+00:00,photos\@nevacomputer_8580.jpg
NEVA COMPUTER®,@nevacomputer,8579,[No Text],2024-05-25 06:05:30+00:00,photos\@nevacomputer_8579.jpg
NEVA COMPUTER®,@nevacomputer,8578,[No Text],2024-05-25 06:05:30+00:00,photos\@nevacomputer_8578.jpg
NEVA COMPUTER®,@nevacomputer,8577,"🔤🔤🔤🅰️
🔤🔤🔤🔤🔤🔤🔤🔤

በድግሜ ገብተዋል 
#student offer 
#USA STANDARD 
🅑︎🅡︎🅐︎🅝︎🅓︎ : HP ELITEBOOK 1040 X360     
✨🅓︎🅘︎🅢︎🅟︎🅛︎🅐︎🅨︎: 14” 1080 full hd screen 
✨🅒︎🅟︎🅤︎: CORE I7 8th gen❤️  
✨🅡︎🅐︎🅜︎:16GB 𝗗𝗗𝗥4 
✨🅢︎🅣︎🅞︎🅡︎🅐︎🅖︎: 512GB SSD
✨🅖︎🅡︎🅐︎🅟︎🅗︎🅘︎🅒︎🅢︎: UHD 
✨🅞︎🅢︎:𝘄𝗶𝗻𝗱𝗼𝘄𝘀 11 pro 22H2 
✨🅑︎🅐︎🅣︎🅣︎🅔︎🅡︎🅨︎: 8HR
✨🅢︎🅣︎🅐︎🅣︎🅤︎🅢︎: OPEN BOX
Price  54000 birr
📩@rasneva ለአጭር መልእክት
 ይደዉሉ ☎️
+251912759900
+251920153333

🏢 አድራሻ: - መገናኛ ማራቶን የ ገበያ ማእከል በ ዋናው መግቢያ መሬት ላይ
ወይንም ግራውንድ ፍሎር ብቅ ይበሉ
 👉ነቫ ኮምፒውተር👈 መሆኑን ያረጋግጡ

ድህረ ገጻችንን ይጎብኙ
www.nevacomputer.com

ቴሌግራም ቻናላችንን ይቀላቀሉ

https://t.me/nevacomputer

     🔠🔠🔠🅰️ 🔠🔠🔠🔠🔠🔠🔠🔠",2024-05-25 06:05:30+00:00,photos\@nevacomputer_8577.jpg
NEVA COMPUTER®,@nevacomputer,8576,[No Text],2024-05-25 06:05:00+00:00,photos\@nevacomputer_8576.jpg
NEVA COMPUTER®,@nevacomputer,8575,[No Text],2024-05-25 06:05:00+00:00,photos\@nevacomputer_8575.jpg
NEVA COMPUTER®,@nevacomputer,8574,[No Text],2024-05-25 06:05:00+00:00,photos\@nevacomputer_8574.jpg
NEVA COMPUTER®,@nevacomputer,8573,"NEW ARRIVAL GAMING LAPTOP

✨ DELL G15

✨ 15.6"" FHD Display
1920 x 1080 resolution showcases your games and HD movies with impressive color and clarity. Antireflective finish reduces eyestrain and widens the field of view.
✨ AMD Ryzen 7 5800H
Imagine, design and create without boundaries. 
The powerful AMD Ryzen tm 7 processor features machine intelligence that anticipates your needs. Discover true responsiveness with 8 cores and 16 threads for ultimate performance.
✨ 12GB system memory for advanced multitasking
✨ 512GB solid state drive (SSD)
👌NVIDIA GeForce RTX 3050 Ti graphics
Backed by 4GB GDDR6 dedicated video memory for a fast, advanced GPU to fuel your games.

ለአጭር መልክት በዚ ያናግሩን
🅘𝙣𝙗𝙤𝙭 📩 @rasneva
☎️ call:
✨0912759900
✨0920153333
🏢 አድራሻ : - መገናኛ ማራቶን የ ገበያ ማእከል በ ዋናው መግቢያ መሬት ላይ
ወይንም ግራውንድ ፍሎር ብቅ ይበሉ
 👉ነቫ ኮምፒውተር👈 መሆኑን ያረጋግጡ",2024-05-25 06:05:00+00:00,photos\@nevacomputer_8573.jpg
NEVA COMPUTER®,@nevacomputer,8572,Available again,2024-05-25 06:04:26+00:00,
NEVA COMPUTER®,@nevacomputer,8571,[No Text],2024-05-23 18:46:43+00:00,photos\@nevacomputer_8571.jpg
NEVA COMPUTER®,@nevacomputer,8570,[No Text],2024-05-23 18:46:42+00:00,photos\@nevacomputer_8570.jpg
NEVA COMPUTER®,@nevacomputer,8569,[No Text],2024-05-23 18:46:42+00:00,photos\@nevacomputer_8569.jpg
NEVA COMPUTER®,@nevacomputer,8568,"DONT MISS IT 🔥

#GRADE 12 students this is for you 
🅑︎🅡︎🅐︎🅝︎🅓︎ : hp x360 touch screen
✨🅓︎🅘︎🅢︎🅟︎🅛︎🅐︎🅨︎: 13.3” 
✨🅒︎🅟︎🅤︎: intel inside QUAD CORE 
✨🅡︎🅐︎🅜︎:4GB 
✨🅢︎🅣︎🅞︎🅡︎🅐︎🅖︎: 128GB SSD 
✨🅖︎raphics: INTEL HD 
✨🅞︎🅢︎:window 11 pro 
✨🅑︎🅐︎🅣︎🅣︎🅔︎🅡︎🅨︎: 4hr
✨🅢︎🅣︎🅐︎🅣︎🅤︎🅢︎:  DUBAI USED 
Price  17000 birr only 
📩@rasneva ለአጭር መልእክት
 ይደዉሉ ☎️
+251912759900
+251920153333

🏢 አድራሻ: - መገናኛ ማራቶን የ ገበያ ማእከል በ ዋናው መግቢያ መሬት ላይ
ወይንም ግራውንድ ፍሎር ብቅ ይበሉ
 👉ነቫ ኮምፒውተር👈 መሆኑን ያረጋግጡ

ድህረ ገጻችንን ይጎብኙ
www.nevacomputer.com

ቴሌግራም ቻናላችንን ይቀላቀሉ

https://t.me/nevacomputer",2024-05-23 18:46:42+00:00,photos\@nevacomputer_8568.jpg
NEVA COMPUTER®,@nevacomputer,8567,"DONT MISS IT 🔥

#ቅምሻ

🅑︎🅡︎🅐︎🅝︎🅓︎ : ASUS ROG STRIX ⭐️
✨🅓︎🅘︎🅢︎🅟︎🅛︎🅐︎🅨︎: 15.6” 2K SCREEN 165HZ
✨🅒︎🅟︎🅤︎: RYZEN 7 6000 serious 
✨🅡︎🅐︎🅜︎:16GB DDR5 RAM 
✨🅢︎🅣︎🅞︎🅡︎🅐︎🅖︎: 1TB SSD 
✨🅖︎raphics: 6GB RTX 3060 
✨🅞︎🅢︎:window 11 pro 
✨🅑︎🅐︎🅣︎🅣︎🅔︎🅡︎🅨︎: 5hr
✨🅢︎🅣︎🅐︎🅣︎🅤︎🅢︎:  BRAND NEW
Price  sold out 
📩@rasneva ለአጭር መልእክት
 ይደዉሉ ☎️
+251912759900
+251920153333

🏢 አድራሻ: - መገናኛ ማራቶን የ ገበያ ማእከል በ ዋናው መግቢያ መሬት ላይ
ወይንም ግራውንድ ፍሎር ብቅ ይበሉ
 👉ነቫ ኮምፒውተር👈 መሆኑን ያረጋግጡ

ድህረ ገጻችንን ይጎብኙ
www.nevacomputer.com

ቴሌግራም ቻናላችንን ይቀላቀሉ

https://t.me/nevacomputer",2024-05-21 06:23:08+00:00,photos\@nevacomputer_8567.jpg
NEVA COMPUTER®,@nevacomputer,8566,[No Text],2024-05-21 06:23:07+00:00,photos\@nevacomputer_8566.jpg
NEVA COMPUTER®,@nevacomputer,8565,[No Text],2024-05-21 06:23:07+00:00,photos\@nevacomputer_8565.jpg
NEVA COMPUTER®,@nevacomputer,8564,[No Text],2024-05-21 06:23:07+00:00,photos\@nevacomputer_8564.jpg
NEVA COMPUTER®,@nevacomputer,8563,[No Text],2024-05-10 20:51:20+00:00,photos\@nevacomputer_8563.jpg
NEVA COMPUTER®,@nevacomputer,8562,"#EUROPE STANDARD
🅑︎🅡︎🅐︎🅝︎🅓︎ : HP SPECTER 
✨🅓︎🅘︎🅢︎🅟︎🅛︎🅐︎🅨︎: 13“ X360
✨🅒︎🅟︎🅤︎: core i5 11th generation 
✨🅡︎🅐︎🅜︎:8GB 𝗗𝗗𝗥4
✨🅢︎🅣︎🅞︎🅡︎🅐︎🅖︎: 1TB SSD 
✨🅖︎🅡︎🅐︎🅟︎🅗︎🅘︎🅒︎🅢︎: IRIS XE 
✨🅞︎🅢︎:window 10 pro
✨🅑︎🅐︎🅣︎🅣︎🅔︎🅡︎🅨︎: 10HR
✨🅢︎🅣︎🅐︎🅣︎🅤︎🅢︎:  NEW
Price  👇
📩@rasneva ለአጭር መልእክት
 ይደዉሉ ☎️
+251912759900
+251920153333

🏢 አድራሻ: - መገናኛ ማራቶን የ ገበያ ማእከል በ ዋናው መግቢያ መሬት ላይ
ወይንም ግራውንድ ፍሎር ብቅ ይበሉ
 👉ነቫ ኮምፒውተር👈 መሆኑን ያረጋግጡ

ድህረ ገጻችንን ይጎብኙ
www.nevacomputer.com

ቴሌግራም ቻናላችንን ይቀላቀሉ

https://t.me/nevacomputer",2024-05-10 20:51:20+00:00,photos\@nevacomputer_8562.jpg
NEVA COMPUTER®,@nevacomputer,8561,🔠🅰️🔠🔠🔠🔠🅰️🔠 DISCOUNT WITH NEVA AS ALWAYS. COME AND TAKE YOURS ❤️,2024-05-10 20:44:07+00:00,photos\@nevacomputer_8561.jpg
NEVA COMPUTER®,@nevacomputer,8560,[No Text],2024-05-10 20:43:23+00:00,photos\@nevacomputer_8560.jpg
NEVA COMPUTER®,@nevacomputer,8559,[No Text],2024-05-10 20:43:23+00:00,photos\@nevacomputer_8559.jpg
NEVA COMPUTER®,@nevacomputer,8558,[No Text],2024-05-10 20:43:23+00:00,photos\@nevacomputer_8558.jpg
NEVA COMPUTER®,@nevacomputer,8557,"#EUROPE STANDARD 
ብዛት አለን ለጨረታ
🅑︎🅡︎🅐︎🅝︎🅓︎ : DELL 
✨🅓︎🅘︎🅢︎🅟︎🅛︎🅐︎🅨︎: 14” FULL HD 
✨🅒︎🅟︎🅤︎: CORE I5 12th generation (10 core and 12 logical processor) 
✨🅡︎🅐︎🅜︎:16Gb 𝗗𝗗𝗥4
✨🅢︎🅣︎🅞︎🅡︎🅐︎🅖︎: 256 GB SSD 
✨🅖︎🅡︎🅐︎🅟︎🅗︎🅘︎🅒︎🅢︎: IRIS XE 
✨🅞︎🅢︎:window 10 pro
✨🅑︎🅐︎🅣︎🅣︎🅔︎🅡︎🅨︎: 10HR
✨🅢︎🅣︎🅐︎🅣︎🅤︎🅢︎:  packed brand new 
Price  👇
📩@rasneva ለአጭር መልእክት
 ይደዉሉ ☎️
+251912759900
+251920153333

🏢 አድራሻ: - መገናኛ ማራቶን የ ገበያ ማእከል በ ዋናው መግቢያ መሬት ላይ
ወይንም ግራውንድ ፍሎር ብቅ ይበሉ
 👉ነቫ ኮምፒውተር👈 መሆኑን ያረጋግጡ

ድህረ ገጻችንን ይጎብኙ
www.nevacomputer.com

ቴሌግራም ቻናላችንን ይቀላቀሉ

https://t.me/nevacomputer",2024-05-10 20:43:22+00:00,photos\@nevacomputer_8557.jpg
NEVA COMPUTER®,@nevacomputer,8556,[No Text],2024-05-08 18:20:23+00:00,photos\@nevacomputer_8556.jpg
NEVA COMPUTER®,@nevacomputer,8555,[No Text],2024-05-08 18:20:23+00:00,photos\@nevacomputer_8555.jpg
NEVA COMPUTER®,@nevacomputer,8554,[No Text],2024-05-08 18:20:23+00:00,photos\@nevacomputer_8554.jpg
NEVA COMPUTER®,@nevacomputer,8553,[No Text],2024-05-08 18:20:23+00:00,photos\@nevacomputer_8553.jpg
NEVA COMPUTER®,@nevacomputer,8552,[No Text],2024-05-08 18:20:22+00:00,photos\@nevacomputer_8552.jpg
NEVA COMPUTER®,@nevacomputer,8551,[No Text],2024-05-08 18:20:22+00:00,photos\@nevacomputer_8551.jpg
NEVA COMPUTER®,@nevacomputer,8550,[No Text],2024-05-08 18:20:22+00:00,photos\@nevacomputer_8550.jpg
NEVA COMPUTER®,@nevacomputer,8549,"FROM NEVA COMPUTER
#GAMINGLAPTOP
FROM #USA👇🏾
PACKED

#MSI Cyborg 15 A12VF 045 (GeForce RTX™ 4060, GDDR6 8GB)

• Windows 11 Home (MSI recommends Windows 11 Pro for business.)
 • NVIDIA® GeForce RTX™ 4060 Laptop GPU 8GB GDDR6
 • 15.6″ FHD (1920*1080), 144Hz 45%NTSC IPS-Level
 • Intel® Core™ i7-12650H
 • 512GB NVMe PCIe SSD Gen4x4
 • DDR5 8GB*2 (4800MHz)
 • Blue Backlit Gaming Keyboard
 • 3 cell, 53.5Whr


📩@rasneva ለአጭር መልእክት
 ይደዉሉ ☎️
+251912759900
+251920153333

🏢 አድራሻ : - መገናኛ ማራቶን የ ገበያ ማእከል በ ዋናው መግቢያ መሬት ላይ
ወይንም ግራውንድ ፍሎር ብቅ ይበሉ
 👉ነቫ ኮምፒውተር👈 መሆኑን ያረጋግጡ

ድህረ ገጻችንን ይጎብኙ
www.nevacomputer.com

ቴሌግራም ቻናላችንን ይቀላቀሉ

https://t.me/nevacomputer

     ""🅝︎🅔︎🅥︎🅐︎   🅒︎🅞︎🅜︎🅟︎🅤︎🅣︎🅔︎🅡︎",2024-05-08 18:20:22+00:00,photos\@nevacomputer_8549.jpg
NEVA COMPUTER®,@nevacomputer,8548,[No Text],2024-05-07 08:41:57+00:00,photos\@nevacomputer_8548.jpg
NEVA COMPUTER®,@nevacomputer,8547,[No Text],2024-05-07 08:41:57+00:00,photos\@nevacomputer_8547.jpg
NEVA COMPUTER®,@nevacomputer,8546,[No Text],2024-05-07 08:41:57+00:00,photos\@nevacomputer_8546.jpg
NEVA COMPUTER®,@nevacomputer,8545,"#HP PAVILION
🅑︎🅡︎🅐︎🅝︎🅓︎ : HP PAVILION X360 
✨🅓︎🅘︎🅢︎🅟︎🅛︎🅐︎🅨︎: 14” FHD TOUCH SCREEN CONVERTIBLE 
✨🅒︎🅟︎🅤︎: CORE I5 12th GEN 💪🏽
✨🅡︎🅐︎🅜︎:16Gb 𝗗𝗗𝗥4
✨🅢︎🅣︎🅞︎🅡︎🅐︎🅖︎: 512GB SSD 
✨🅖︎🅡︎🅐︎🅟︎🅗︎🅘︎🅒︎🅢︎: INTEL IRIS XE GRAPHICS 
✨🅞︎🅢︎:window 10 pro
✨🅑︎🅐︎🅣︎🅣︎🅔︎🅡︎🅨︎: 6HR
✨🅢︎🅣︎🅐︎🅣︎🅤︎🅢︎:  brand new 
Price 
📩@rasneva ለአጭር መልእክት
 ይደዉሉ ☎️
+251912759900
+251920153333

🏢 አድራሻ: - መገናኛ ማራቶን የ ገበያ ማእከል በ ዋናው መግቢያ መሬት ላይ
ወይንም ግራውንድ ፍሎር ብቅ ይበሉ
 👉ነቫ ኮምፒውተር👈 መሆኑን ያረጋግጡ

ድህረ ገጻችንን ይጎብኙ
www.nevacomputer.com

ቴሌግራም ቻናላችንን ይቀላቀሉ

https://t.me/nevacomputer",2024-05-07 08:41:57+00:00,photos\@nevacomputer_8545.jpg
NEVA COMPUTER®,@nevacomputer,8544,[No Text],2024-05-07 08:31:27+00:00,photos\@nevacomputer_8544.jpg
NEVA COMPUTER®,@nevacomputer,8543,"#hp Elitebook 
#EUROPE STANDARD 
🅑︎🅡︎🅐︎🅝︎🅓︎ : hp Elitebook 
✨🅓︎🅘︎🅢︎🅟︎🅛︎🅐︎🅨︎: 15.6”
✨🅒︎🅟︎🅤︎: core i5 6thgeneration 
✨🅡︎🅐︎🅜︎:8GB 𝗗𝗗𝗥4
✨🅢︎🅣︎🅞︎🅡︎🅐︎🅖︎: 512GB SSD
✨🅖︎🅡︎🅐︎🅟︎🅗︎🅘︎🅒︎🅢︎: Intel Iris graphics card
✨🅞︎🅢︎:window 10 pro
✨🅑︎🅐︎🅣︎🅣︎🅔︎🅡︎🅨︎:7hr 
✨🅢︎🅣︎🅐︎🅣︎🅤︎🅢︎:  open box 
Price 31000 birt
📩@rasneva ለአጭር መልእክት
 ይደዉሉ ☎️
+251912759900
+251920153333

🏢 አድራሻ: - ቀ.1 መገናኛ ማራቶን የ ገበያ ማእከል በ ዋናው መግቢያ መሬት ላይ
ወይንም ግራውንድ ፍሎር ብቅ ይበሉ
 👉ነቫ ኮምፒውተር👈 መሆኑን ያረጋግጡ

🏢 አድራሻ: - ቁ.2 አራት ኪሎ አምባሳደር ሞል ግራዉንድ ፍሎር 
ድህረ ገጻችንን ይጎብኙ
www.nevacomputer.com

ቴሌግራም ቻናላችንን ይቀላቀሉ

https://t.me/nevacomputer",2024-05-07 08:31:27+00:00,photos\@nevacomputer_8543.jpg
NEVA COMPUTER®,@nevacomputer,8542,[No Text],2024-05-05 06:17:42+00:00,photos\@nevacomputer_8542.jpg
NEVA COMPUTER®,@nevacomputer,8541,[No Text],2024-05-04 10:40:42+00:00,photos\@nevacomputer_8541.jpg
NEVA COMPUTER®,@nevacomputer,8540,[No Text],2024-05-04 10:40:42+00:00,photos\@nevacomputer_8540.jpg
NEVA COMPUTER®,@nevacomputer,8539,"#hp Elitebook 
#EUROPE STANDARD 
🅑︎🅡︎🅐︎🅝︎🅓︎ : hp Elitebook 
✨🅓︎🅘︎🅢︎🅟︎🅛︎🅐︎🅨︎: 14” ultra slim 
✨🅒︎🅟︎🅤︎: core i7 10th generation 
✨🅡︎🅐︎🅜︎:16GB 𝗗𝗗𝗥4
✨🅢︎🅣︎🅞︎🅡︎🅐︎🅖︎: 512GB SSD
✨🅖︎🅡︎🅐︎🅟︎🅗︎🅘︎🅒︎🅢︎: Intel Iris graphics card
✨🅞︎🅢︎:window 10 pro
✨🅑︎🅐︎🅣︎🅣︎🅔︎🅡︎🅨︎:7hr 
✨🅢︎🅣︎🅐︎🅣︎🅤︎🅢︎:  brand new 
Price 👇
📩@rasneva ለአጭር መልእክት
 ይደዉሉ ☎️
+251912759900
+251920153333

🏢 አድራሻ: - መገናኛ ማራቶን የ ገበያ ማእከል በ ዋናው መግቢያ መሬት ላይ
ወይንም ግራውንድ ፍሎር ብቅ ይበሉ
 👉ነቫ ኮምፒውተር👈 መሆኑን ያረጋግጡ

ድህረ ገጻችንን ይጎብኙ
www.nevacomputer.com

ቴሌግራም ቻናላችንን ይቀላቀሉ

https://t.me/nevacomputer",2024-05-04 10:40:41+00:00,photos\@nevacomputer_8539.jpg
NEVA COMPUTER®,@nevacomputer,8538,[No Text],2024-05-02 11:11:18+00:00,photos\@nevacomputer_8538.jpg
NEVA COMPUTER®,@nevacomputer,8537,[No Text],2024-05-02 11:11:18+00:00,photos\@nevacomputer_8537.jpg
NEVA COMPUTER®,@nevacomputer,8536,"DONT MISS IT 🔥

#GAMINGLAPTOP
🅑︎🅡︎🅐︎🅝︎🅓︎ : DELL G3
✨🅓︎🅘︎🅢︎🅟︎🅛︎🅐︎🅨︎: 15.6” FHD
✨🅒︎🅟︎🅤︎: CORE I7 10th generation 
✨🅡︎🅐︎🅜︎:16 GB 𝗗𝗗𝗥4
✨🅢︎🅣︎🅞︎🅡︎🅐︎🅖︎: 512 GB SSD 
✨🅖︎raphics: 6GB RTX 2060  
✨🅞︎🅢︎:window 11 pro 
✨🅑︎🅐︎🅣︎🅣︎🅔︎🅡︎🅨︎: 4hr
✨🅢︎🅣︎🅐︎🅣︎🅤︎🅢︎:  open box 
Price  👇
📩@rasneva ለአጭር መልእክት
 ይደዉሉ ☎️
+251912759900
+251920153333

🏢 አድራሻ: - መገናኛ ማራቶን የ ገበያ ማእከል በ ዋናው መግቢያ መሬት ላይ
ወይንም ግራውንድ ፍሎር ብቅ ይበሉ
 👉ነቫ ኮምፒውተር👈 መሆኑን ያረጋግጡ

ድህረ ገጻችንን ይጎብኙ
www.nevacomputer.com

ቴሌግራም ቻናላችንን ይቀላቀሉ

https://t.me/nevacomputer",2024-05-02 11:11:18+00:00,photos\@nevacomputer_8536.jpg
NEVA COMPUTER®,@nevacomputer,8535,"#GAMING LAPTOP 
#European standard 
#NEVA COMPUTER 
🅑︎🅡︎🅐︎🅝︎🅓︎ : ACER NITRO 5 
✨🅓︎🅘︎🅢︎🅟︎🅛︎🅐︎🅨︎: 15.6” 1080 144HZ
✨🅒︎🅟︎🅤︎: CORE I5 11th GEN 
✨🅡︎🅐︎🅜︎:16GB 𝗗𝗗𝗥4 
✨🅢︎🅣︎🅞︎🅡︎🅐︎🅖︎: 512 GB SSD 
✨🅖︎🅡︎🅐︎🅟︎🅗︎🅘︎🅒︎🅢︎: 4GB NIVIDIA GTX 1650
✨🅞︎🅢︎:𝘄𝗶𝗻𝗱𝗼𝘄𝘀 11 pro 22H2 with nitro sense 
✨🅑︎🅐︎🅣︎🅣︎🅔︎🅡︎🅨︎: 4hr 𝗽𝗹𝘂𝘀
✨🅢︎🅣︎🅐︎🅣︎🅤︎🅢︎: BRAND NEW 
Price  👇🏾
📩@rasneva ለአጭር መልእክት
 ይደዉሉ ☎️
+251912759900
+251920153333

🏢 አድራሻ : - መገናኛ ማራቶን የ ገበያ ማእከል በ ዋናው መግቢያ መሬት ላይ
ወይንም ግራውንድ ፍሎር ብቅ ይበሉ
 👉ነቫ ኮምፒውተር👈 መሆኑን ያረጋግጡ

ድህረ ገጻችንን ይጎብኙ
www.nevacomputer.com

ቴሌግራም ቻናላችንን ይቀላቀሉ

https://t.me/nevacomputer

     ""🅝︎🅔︎🅥︎🅐︎   🅒︎🅞︎🅜︎🅟︎🅤︎🅣︎🅔︎🅡︎""",2024-05-02 11:10:38+00:00,photos\@nevacomputer_8535.jpg
NEVA COMPUTER®,@nevacomputer,8534,[No Text],2024-05-02 11:10:38+00:00,photos\@nevacomputer_8534.jpg
NEVA COMPUTER®,@nevacomputer,8533,[No Text],2024-05-02 11:10:38+00:00,photos\@nevacomputer_8533.jpg
NEVA COMPUTER®,@nevacomputer,8532,[No Text],2024-05-02 11:10:38+00:00,photos\@nevacomputer_8532.jpg
NEVA COMPUTER®,@nevacomputer,8531,[No Text],2024-05-02 11:10:38+00:00,photos\@nevacomputer_8531.jpg
NEVA COMPUTER®,@nevacomputer,8530,[No Text],2024-05-02 11:07:49+00:00,photos\@nevacomputer_8530.jpg
NEVA COMPUTER®,@nevacomputer,8529,[No Text],2024-05-02 11:07:48+00:00,photos\@nevacomputer_8529.jpg
NEVA COMPUTER®,@nevacomputer,8528,[No Text],2024-05-02 11:07:48+00:00,photos\@nevacomputer_8528.jpg
NEVA COMPUTER®,@nevacomputer,8527,[No Text],2024-05-02 11:07:48+00:00,photos\@nevacomputer_8527.jpg
NEVA COMPUTER®,@nevacomputer,8526,"#EUROPE STANDARD 
🅑︎🅡︎🅐︎🅝︎🅓︎ : DELL 
✨🅓︎🅘︎🅢︎🅟︎🅛︎🅐︎🅨︎: 14” FULL HD 
✨🅒︎🅟︎🅤︎: CORE I5 12th generation (10 core and 12 logical processor) 
✨🅡︎🅐︎🅜︎:16Gb 𝗗𝗗𝗥4
✨🅢︎🅣︎🅞︎🅡︎🅐︎🅖︎: 256 GB SSD 
✨🅖︎🅡︎🅐︎🅟︎🅗︎🅘︎🅒︎🅢︎: IRIS XE 
✨🅞︎🅢︎:window 10 pro
✨🅑︎🅐︎🅣︎🅣︎🅔︎🅡︎🅨︎: 10HR
✨🅢︎🅣︎🅐︎🅣︎🅤︎🅢︎:  packed brand new 
Price  58000 birr
📩@rasneva ለአጭር መልእክት
 ይደዉሉ ☎️
+251912759900
+251920153333

🏢 አድራሻ: - መገናኛ ማራቶን የ ገበያ ማእከል በ ዋናው መግቢያ መሬት ላይ
ወይንም ግራውንድ ፍሎር ብቅ ይበሉ
 👉ነቫ ኮምፒውተር👈 መሆኑን ያረጋግጡ

ድህረ ገጻችንን ይጎብኙ
www.nevacomputer.com

ቴሌግራም ቻናላችንን ይቀላቀሉ

https://t.me/nevacomputer",2024-05-02 11:07:48+00:00,photos\@nevacomputer_8526.jpg
NEVA COMPUTER®,@nevacomputer,8525,[No Text],2024-05-02 07:46:13+00:00,photos\@nevacomputer_8525.jpg
NEVA COMPUTER®,@nevacomputer,8524,[No Text],2024-05-02 07:46:13+00:00,photos\@nevacomputer_8524.jpg
NEVA COMPUTER®,@nevacomputer,8523,"የበአል ቅናሽ👇🏾

#MACBOOK PRO
#EUROPE STANDARD 
🅑︎🅡︎🅐︎🅝︎🅓︎ : MACBOOK PRO     
✨🅓︎🅘︎🅢︎🅟︎🅛︎🅐︎🅨︎: 15.6” RETINA DISPLAY 
✨🅒︎🅟︎🅤︎: CORE I7 
✨🅡︎🅐︎🅜︎:16GB 𝗗𝗗𝗥4 
✨🅢︎🅣︎🅞︎🅡︎🅐︎🅖︎: 256Gb SSD 
✨🅖︎🅡︎🅐︎🅟︎🅗︎🅘︎🅒︎🅢︎: iris xe graphics  
✨🅞︎🅢︎:macOS Monterey
✨🅑︎🅐︎🅣︎🅣︎🅔︎🅡︎🅨︎: 8HR
✨🅢︎🅣︎🅐︎🅣︎🅤︎🅢︎:  OPEN BOX 
Price 48500 birr
📩@rasneva ለአጭር መልእክት
 ይደዉሉ ☎️
+251912759900
+251920153333

🏢 አድራሻ: - መገናኛ ማራቶን የ ገበያ ማእከል በ ዋናው መግቢያ መሬት ላይ
ወይንም ግራውንድ ፍሎር ብቅ ይበሉ
 👉ነቫ ኮምፒውተር👈 መሆኑን ያረጋግጡ

ድህረ ገጻችንን ይጎብኙ
www.nevacomputer.com

ቴሌግራም ቻናላችንን ይቀላቀሉ

https://t.me/nevacomputer

     🔠🔠🔠🅰️ 🔠🔠🔠🔠🔠🔠🔠🔠",2024-05-02 07:46:13+00:00,photos\@nevacomputer_8523.jpg
NEVA COMPUTER®,@nevacomputer,8522,"DONT MISS IT 🔥

#ቅምሻ

🅑︎🅡︎🅐︎🅝︎🅓︎ : HP ENVY X360 ⭐️
✨🅓︎🅘︎🅢︎🅟︎🅛︎🅐︎🅨︎: 15.6” FHD X360 TOUCH SCREEN
✨🅒︎🅟︎🅤︎: CORE I5 10th generation 
✨🅡︎🅐︎🅜︎:8GB 𝗗𝗗𝗥4
✨🅢︎🅣︎🅞︎🅡︎🅐︎🅖︎: 1TB SSD 
✨🅖︎raphics: 4GB NIVIDIA GRAPHICS MX450 
✨🅞︎🅢︎:window 11 pro 
✨🅑︎🅐︎🅣︎🅣︎🅔︎🅡︎🅨︎: 7HR 
✨🅢︎🅣︎🅐︎🅣︎🅤︎🅢︎:  MINT CONDITION
Price  68000 birr fixed
📩@rasneva ለአጭር መልእክት
 ይደዉሉ ☎️
+251912759900
+251920153333

🏢 አድራሻ: - መገናኛ ማራቶን የ ገበያ ማእከል በ ዋናው መግቢያ መሬት ላይ
ወይንም ግራውንድ ፍሎር ብቅ ይበሉ
 👉ነቫ ኮምፒውተር👈 መሆኑን ያረጋግጡ

ድህረ ገጻችንን ይጎብኙ
www.nevacomputer.com

ቴሌግራም ቻናላችንን ይቀላቀሉ

https://t.me/nevacomputer",2024-05-01 10:51:51+00:00,photos\@nevacomputer_8522.jpg
NEVA COMPUTER®,@nevacomputer,8521,[No Text],2024-05-01 10:51:51+00:00,photos\@nevacomputer_8521.jpg
NEVA COMPUTER®,@nevacomputer,8520,[No Text],2024-05-01 10:51:51+00:00,photos\@nevacomputer_8520.jpg
NEVA COMPUTER®,@nevacomputer,8519,"NEW ARRIVAL GAMING LAPTOP

✨ DELL G15

✨ 15.6"" FHD Display
1920 x 1080 resolution showcases your games and HD movies with impressive color and clarity. Antireflective finish reduces eyestrain and widens the field of view.
✨ AMD Ryzen 7 5800H
Imagine, design and create without boundaries. 
The powerful AMD Ryzen tm 7 processor features machine intelligence that anticipates your needs. Discover true responsiveness with 8 cores and 16 threads for ultimate performance.
✨ 12GB system memory for advanced multitasking
✨ 512GB solid state drive (SSD)
👌NVIDIA GeForce RTX 3050 Ti graphics
Backed by 4GB GDDR6 dedicated video memory for a fast, advanced GPU to fuel your games.

ለአጭር መልክት በዚ ያናግሩን
🅘𝙣𝙗𝙤𝙭 📩 @rasneva
☎️ call:
✨0912759900
✨0920153333
🏢 አድራሻ : - መገናኛ ማራቶን የ ገበያ ማእከል በ ዋናው መግቢያ መሬት ላይ
ወይንም ግራውንድ ፍሎር ብቅ ይበሉ
 👉ነቫ ኮምፒውተር👈 መሆኑን ያረጋግጡ",2024-05-01 10:49:54+00:00,photos\@nevacomputer_8519.jpg
NEVA COMPUTER®,@nevacomputer,8518,[No Text],2024-05-01 10:49:54+00:00,photos\@nevacomputer_8518.jpg
NEVA COMPUTER®,@nevacomputer,8517,[No Text],2024-05-01 10:49:53+00:00,photos\@nevacomputer_8517.jpg
NEVA COMPUTER®,@nevacomputer,8516,[No Text],2024-05-01 10:49:53+00:00,photos\@nevacomputer_8516.jpg
NEVA COMPUTER®,@nevacomputer,8515,[No Text],2024-04-30 10:26:09+00:00,photos\@nevacomputer_8515.jpg
NEVA COMPUTER®,@nevacomputer,8514,"#LENOVO THINKPAD X1 CARBON 
🅑︎🅡︎🅐︎🅝︎🅓︎ : LENOVO X1 CARBON 
✨🅓︎🅘︎🅢︎🅟︎🅛︎🅐︎🅨︎: 14” ULTRA SLIM TOUCH SCREEN (5pieces available)
✨🅒︎🅟︎🅤︎: CORE I5 8th Generation 
✨🅡︎🅐︎🅜︎:16 GB 𝗗𝗗𝗥4
✨🅢︎🅣︎🅞︎🅡︎🅐︎🅖︎: 512 GB SSD 
✨🅖︎raphics: intel uhd graphics 
✨🅞︎🅢︎:window 11 pro 
✨🅑︎🅐︎🅣︎🅣︎🅔︎🅡︎🅨︎: 5HR
✨🅢︎🅣︎🅐︎🅣︎🅤︎🅢︎:  open box 
Price  40000 birr
📩@rasneva ለአጭር መልእክት
 ይደዉሉ ☎️
+251912759900
+251920153333

🏢 አድራሻ: - መገናኛ ማራቶን የ ገበያ ማእከል በ ዋናው መግቢያ መሬት ላይ
ወይንም ግራውንድ ፍሎር ብቅ ይበሉ
 👉ነቫ ኮምፒውተር👈 መሆኑን ያረጋግጡ

ድህረ ገጻችንን ይጎብኙ
www.nevacomputer.com

ቴሌግራም ቻናላችንን ይቀላቀሉ

https://t.me/nevacomputer",2024-04-30 10:26:09+00:00,photos\@nevacomputer_8514.jpg
NEVA COMPUTER®,@nevacomputer,8513,[No Text],2024-04-30 10:25:17+00:00,photos\@nevacomputer_8513.jpg
NEVA COMPUTER®,@nevacomputer,8512,[No Text],2024-04-30 10:25:17+00:00,photos\@nevacomputer_8512.jpg
NEVA COMPUTER®,@nevacomputer,8511,[No Text],2024-04-30 10:25:17+00:00,photos\@nevacomputer_8511.jpg
NEVA COMPUTER®,@nevacomputer,8510,"#NEVACOMPUTER
እንዳያመልጠዎ🔥
#ለተማሪቅናሽ

🅑︎🅡︎🅐︎🅝︎🅓︎ : HP Elitebook G3
✨🅓︎🅘︎🅢︎🅟︎🅛︎🅐︎🅨︎: 15.6” FHD
✨🅒︎🅟︎🅤︎: CORE I7 6th generation 
✨🅡︎🅐︎🅜︎:8GB 𝗗𝗗𝗥4
✨🅢︎🅣︎🅞︎🅡︎🅐︎🅖︎: 512GB SSD
✨🅖︎raphics: INTEL UHD 
✨🅞︎🅢︎:window 11 pro 
✨🅑︎🅐︎🅣︎🅣︎🅔︎🅡︎🅨︎: 5HR
✨🅢︎🅣︎🅐︎🅣︎🅤︎🅢︎: OPEN BOX 
Price  36000 birr 
📩@rasneva ለአጭር መልእክት
 ይደዉሉ ☎️
+251912759900
+251920153333

🏢 አድራሻ: - መገናኛ ማራቶን የ ገበያ ማእከል በ ዋናው መግቢያ መሬት ላይ
ወይንም ግራውንድ ፍሎር ብቅ ይበሉ
 👉ነቫ ኮምፒውተር👈 መሆኑን ያረጋግጡ

ድህረ ገጻችንን ይጎብኙ
www.nevacomputer.com

ቴሌግራም ቻናላችንን ይቀላቀሉ

https://t.me/nevacomputer",2024-04-30 10:25:17+00:00,photos\@nevacomputer_8510.jpg
NEVA COMPUTER®,@nevacomputer,8509,[No Text],2024-04-30 10:24:39+00:00,photos\@nevacomputer_8509.jpg
